timestamp,container_name,image,cpu_percent,memory_mb,memory_percent,net_in_rate_mbs,net_out_rate_mbs,io_read_mb,io_write_mb,pids
2026-04-14T19:28:47.244055,qbittorrent-app-1,ugreen/qbittorrent:v1,5.060350877192983,3577.08984375,46.353139005508304,0,0,0.0,0.0,27
2026-04-14T19:28:58.272965,qbittorrent-app-1,ugreen/qbittorrent:v1,4.1894472361809045,3579.359375,46.38254835839118,0,0,0.0,0.0,26
2026-04-14T19:29:09.357192,qbittorrent-app-1,ugreen/qbittorrent:v1,9.11263556116015,3585.4140625,46.46100704508388,0,0,0.0,0.0,26
2026-04-14T19:29:20.389831,qbittorrent-app-1,ugreen/qbittorrent:v1,4.356838143036387,3591.69140625,46.542350986706566,0,0,0.0,0.0,26
2026-04-14T19:29:31.422221,qbittorrent-app-1,ugreen/qbittorrent:v1,5.6893233082706764,3583.6796875,46.438532427734486,0,0,0.0,0.0,26
2026-04-14T19:29:42.467407,qbittorrent-app-1,ugreen/qbittorrent:v1,4.974364089775561,3589.73046875,46.51694049591964,0,0,0.0,0.0,29
2026-04-14T19:29:53.490809,qbittorrent-app-1,ugreen/qbittorrent:v1,6.3956675062972295,3595.35546875,46.58983114678254,0,0,0.0,0.0,29
2026-04-14T19:30:04.514437,qbittorrent-app-1,ugreen/qbittorrent:v1,1.8796009975062347,3599.90625,46.64880170807092,0,0,0.0,0.0,30
2026-04-14T19:30:15.541261,qbittorrent-app-1,ugreen/qbittorrent:v1,4.021333333333333,3597.03125,46.611546486518776,0,0,0.0,0.0,29
2026-04-14T19:30:26.566764,qbittorrent-app-1,ugreen/qbittorrent:v1,5.347884856070087,3602.453125,46.68180497498939,0,0,0.0,0.0,29
2026-04-14T19:30:37.588457,qbittorrent-app-1,ugreen/qbittorrent:v1,0.5080299251870324,3605.5859375,46.72240101803942,0,0,0.0,0.0,29
2026-04-14T19:30:48.608219,qbittorrent-app-1,ugreen/qbittorrent:v1,0.695062344139651,3609.68359375,46.77549983245274,0,0,0.0,0.0,29
2026-04-14T19:30:59.631766,qbittorrent-app-1,ugreen/qbittorrent:v1,0.4687859824780976,3612.46875,46.811590828331376,0,0,0.0,0.0,26
2026-04-14T19:31:10.654960,qbittorrent-app-1,ugreen/qbittorrent:v1,0.06603015075376885,3613.36328125,46.82318246655888,0,0,0.0,0.0,26
2026-04-14T19:31:21.675700,qbittorrent-app-1,ugreen/qbittorrent:v1,1.3545864661654134,3616.16015625,46.85942531796016,0,0,0.0,0.0,26
2026-04-14T19:31:32.700586,qbittorrent-app-1,ugreen/qbittorrent:v1,3.7113784461152886,3608.67578125,46.76244025750647,0,0,0.0,0.0,26
2026-04-14T19:31:43.730088,qbittorrent-app-1,ugreen/qbittorrent:v1,4.5168,3614.09765625,46.83269874597709,0,0,0.0,0.0,26
2026-04-14T19:31:54.756551,qbittorrent-app-1,ugreen/qbittorrent:v1,1.8968710888610765,3614.921875,46.84337925106881,0,0,0.0,0.0,26
2026-04-14T19:32:05.785358,qbittorrent-app-1,ugreen/qbittorrent:v1,2.2569,3610.9296875,46.791647136359174,0,0,0.0,0.0,24
2026-04-14T19:32:16.813719,qbittorrent-app-1,ugreen/qbittorrent:v1,3.0995744680851067,3614.92578125,46.843429869576354,0,0,0.0,0.0,24
2026-04-14T19:32:27.847313,qbittorrent-app-1,ugreen/qbittorrent:v1,2.959900124843945,3620.01171875,46.90933516639822,0,0,0.0,0.0,27
2026-04-14T19:32:38.884356,qbittorrent-app-1,ugreen/qbittorrent:v1,4.058391959798995,3622.48828125,46.94142730018091,0,0,0.0,0.0,27
2026-04-14T19:32:49.918487,qbittorrent-app-1,ugreen/qbittorrent:v1,3.9204999999999997,3626.20703125,46.989616119362495,0,0,0.0,0.0,27
2026-04-14T19:33:00.944518,qbittorrent-app-1,ugreen/qbittorrent:v1,0.3618,3610.69921875,46.7886606444141,0,0,0.0,0.0,27
2026-04-14T19:33:11.970197,qbittorrent-app-1,ugreen/qbittorrent:v1,1.0813065326633164,3611.29296875,46.796354657560734,0,0,0.0,0.0,27
2026-04-14T19:33:22.997557,qbittorrent-app-1,ugreen/qbittorrent:v1,4.485213032581454,3614.26171875,46.83482472329393,0,0,0.0,0.0,27
2026-04-14T19:33:34.025078,qbittorrent-app-1,ugreen/qbittorrent:v1,5.137833125778331,3618.51953125,46.88999889651654,0,0,0.0,0.0,27
2026-04-14T19:33:45.049121,qbittorrent-app-1,ugreen/qbittorrent:v1,0.5682999999999999,3620.5390625,46.91616866491662,0,0,0.0,0.0,27
2026-04-14T19:33:56.080984,qbittorrent-app-1,ugreen/qbittorrent:v1,1.6637406483790524,3624.0,46.961016662600315,0,0,0.0,0.0,27
2026-04-14T19:34:07.110630,qbittorrent-app-1,ugreen/qbittorrent:v1,4.5461173533083645,3628.32421875,47.01705135045116,0,0,0.0,0.0,26
2026-04-14T19:34:18.137117,qbittorrent-app-1,ugreen/qbittorrent:v1,0.2672659176029963,3629.66015625,47.0343628800311,0,0,0.0,0.0,26
2026-04-14T19:34:29.162898,qbittorrent-app-1,ugreen/qbittorrent:v1,2.5485429638854296,3632.8125,47.075212015618845,0,0,0.0,0.0,26
2026-04-14T19:34:40.187813,qbittorrent-app-1,ugreen/qbittorrent:v1,0.51546699875467,3633.0859375,47.0787553111469,0,0,0.0,0.0,26
2026-04-14T19:34:51.214890,qbittorrent-app-1,ugreen/qbittorrent:v1,18.7106,3635.63671875,47.11180919657292,0,0,0.0,0.0,26
2026-04-14T19:35:02.239675,qbittorrent-app-1,ugreen/qbittorrent:v1,1.8170713391739675,3634.15625,47.09262478221387,0,0,0.0,0.0,24
2026-04-14T19:35:13.267706,qbittorrent-app-1,ugreen/qbittorrent:v1,0.15509386733416772,3633.9453125,47.08989138280651,0,0,0.0,0.0,24
2026-04-14T19:35:24.293429,qbittorrent-app-1,ugreen/qbittorrent:v1,0.30871410736579274,3633.8984375,47.08928396071599,0,0,0.0,0.0,24
2026-04-14T19:35:35.325265,qbittorrent-app-1,ugreen/qbittorrent:v1,3.395934755332497,3637.24609375,47.13266402168092,0,0,0.0,0.0,24
2026-04-14T19:35:46.352252,qbittorrent-app-1,ugreen/qbittorrent:v1,4.009924812030075,3629.1015625,47.02712443345236,0,0,0.0,0.0,25
2026-04-14T19:35:57.399121,qbittorrent-app-1,ugreen/qbittorrent:v1,3.2156608478802995,3633.23046875,47.080628195926025,0,0,0.0,0.0,25
2026-04-14T19:36:08.430702,qbittorrent-app-1,ugreen/qbittorrent:v1,6.409122807017543,3639.65625,47.16389564083537,0,0,0.0,0.0,25
2026-04-14T19:36:19.458285,qbittorrent-app-1,ugreen/qbittorrent:v1,3.7151879699248123,3645.69140625,47.24210123499034,0,0,0.0,0.0,25
2026-04-14T19:36:30.499295,qbittorrent-app-1,ugreen/qbittorrent:v1,5.386398996235885,3651.33203125,47.315194359883414,0,0,0.0,0.0,29
2026-04-14T19:36:41.525036,qbittorrent-app-1,ugreen/qbittorrent:v1,5.827231920199502,3629.46875,47.03188257316146,0,0,0.0,0.0,29
2026-04-14T19:36:52.551750,qbittorrent-app-1,ugreen/qbittorrent:v1,4.856670838548186,3635.8828125,47.114998162548176,0,0,0.0,0.0,29
2026-04-14T19:37:03.579322,qbittorrent-app-1,ugreen/qbittorrent:v1,4.797107231920199,3642.734375,47.20378302477978,0,0,0.0,0.0,29
2026-04-14T19:37:14.610019,qbittorrent-app-1,ugreen/qbittorrent:v1,5.0119298245614035,3647.87109375,47.27034636219972,0,0,0.0,0.0,29
2026-04-14T19:37:25.632318,qbittorrent-app-1,ugreen/qbittorrent:v1,4.46541822721598,3652.6484375,47.33225279692563,0,0,0.0,0.0,29
2026-04-14T19:37:36.656193,qbittorrent-app-1,ugreen/qbittorrent:v1,4.583889585947302,3657.7734375,47.39866427882294,0,0,0.0,0.0,29
2026-04-14T19:37:47.684731,qbittorrent-app-1,ugreen/qbittorrent:v1,2.7147,3663.3671875,47.47114998162548,0,0,0.0,0.0,29
2026-04-14T19:37:58.711495,qbittorrent-app-1,ugreen/qbittorrent:v1,4.876504369538077,3668.671875,47.53988991486979,0,0,0.0,0.0,29
2026-04-14T19:38:09.744186,qbittorrent-app-1,ugreen/qbittorrent:v1,2.7115789473684213,3674.28125,47.61257809170251,0,0,0.0,0.0,29
2026-04-14T19:38:20.773185,qbittorrent-app-1,ugreen/qbittorrent:v1,3.6368381430363868,3679.60546875,47.681571117484545,0,0,0.0,0.0,29
2026-04-14T19:38:31.806717,qbittorrent-app-1,ugreen/qbittorrent:v1,4.862556390977443,3684.9140625,47.750361669236405,0,0,0.0,0.0,29
2026-04-14T19:38:42.841826,qbittorrent-app-1,ugreen/qbittorrent:v1,5.0171,3690.7734375,47.82628943055192,0,0,0.0,0.0,29
2026-04-14T19:38:53.874728,qbittorrent-app-1,ugreen/qbittorrent:v1,3.758302122347066,3695.828125,47.891789779313434,0,0,0.0,0.0,29
2026-04-14T19:39:04.899355,qbittorrent-app-1,ugreen/qbittorrent:v1,4.459069182389937,3701.0625,47.95961857942196,0,0,0.0,0.0,27
2026-04-14T19:39:15.934865,qbittorrent-app-1,ugreen/qbittorrent:v1,6.551289111389237,3688.8046875,47.800777702749905,0,0,0.0,0.0,27
2026-04-14T19:39:26.962142,qbittorrent-app-1,ugreen/qbittorrent:v1,4.947945205479452,3693.92578125,47.86713856613966,0,0,0.0,0.0,27
2026-04-14T19:39:37.991366,qbittorrent-app-1,ugreen/qbittorrent:v1,4.107540983606557,3699.734375,47.94240828685711,0,0,0.0,0.0,27
2026-04-14T19:39:49.027225,qbittorrent-app-1,ugreen/qbittorrent:v1,5.3225468164794005,3706.828125,48.03433149655642,0,0,0.0,0.0,27
2026-04-14T19:40:00.059976,qbittorrent-app-1,ugreen/qbittorrent:v1,4.592059925093633,3712.12890625,48.10302081129319,0,0,0.0,0.0,26
2026-04-14T19:40:11.088375,qbittorrent-app-1,ugreen/qbittorrent:v1,4.168310387984981,3719.0,48.192058766062516,0,0,0.0,0.0,29
2026-04-14T19:40:22.122308,qbittorrent-app-1,ugreen/qbittorrent:v1,5.638648310387985,3726.21484375,48.28555114949569,0,0,0.0,0.0,29
2026-04-14T19:40:33.154813,qbittorrent-app-1,ugreen/qbittorrent:v1,5.040099875156055,3723.99609375,48.25679983721088,0,0,0.0,0.0,29
2026-04-14T19:40:44.176121,qbittorrent-app-1,ugreen/qbittorrent:v1,5.077253433208489,3729.36328125,48.326349666575894,0,0,0.0,0.0,29
2026-04-14T19:40:55.199203,qbittorrent-app-1,ugreen/qbittorrent:v1,3.208778054862843,3730.94921875,48.34690078063863,0,0,0.0,0.0,29
2026-04-14T19:41:06.224572,qbittorrent-app-1,ugreen/qbittorrent:v1,6.657967377666249,3735.171875,48.40161938729334,0,0,0.0,0.0,29
2026-04-14T19:41:17.253216,qbittorrent-app-1,ugreen/qbittorrent:v1,6.1322653316645805,3740.1796875,48.46651231396433,0,0,0.0,0.0,29
2026-04-14T19:41:28.283478,qbittorrent-app-1,ugreen/qbittorrent:v1,0.7724,3728.52734375,48.31551730596154,0,0,0.0,0.0,29
2026-04-14T19:41:39.306541,qbittorrent-app-1,ugreen/qbittorrent:v1,4.15279098873592,3732.62890625,48.3686667388824,0,0,0.0,0.0,29
2026-04-14T19:41:50.329915,qbittorrent-app-1,ugreen/qbittorrent:v1,4.01531914893617,3736.34765625,48.41685555806398,0,0,0.0,0.0,29
2026-04-14T19:42:01.356662,qbittorrent-app-1,ugreen/qbittorrent:v1,4.459597989949748,3740.59765625,48.4719284942715,0,0,0.0,0.0,26
2026-04-14T19:42:12.382049,qbittorrent-app-1,ugreen/qbittorrent:v1,2.2098377028714107,3745.69140625,48.53793502810846,0,0,0.0,0.0,26
2026-04-14T19:42:23.406844,qbittorrent-app-1,ugreen/qbittorrent:v1,3.934736842105263,3751.63671875,48.61497639658993,0,0,0.0,0.0,26
2026-04-14T19:42:34.436202,qbittorrent-app-1,ugreen/qbittorrent:v1,4.791521197007481,3738.36328125,48.44297470795652,0,0,0.0,0.0,26
2026-04-14T19:42:45.460822,qbittorrent-app-1,ugreen/qbittorrent:v1,5.308477987421384,3743.3828125,48.50801949015015,0,0,0.0,0.0,26
2026-04-14T19:42:56.486434,qbittorrent-app-1,ugreen/qbittorrent:v1,3.122409033877039,3748.82421875,48.57853107115849,0,0,0.0,0.0,26
2026-04-14T19:43:07.513622,qbittorrent-app-1,ugreen/qbittorrent:v1,5.680696517412935,3754.01953125,48.64585368619158,0,0,0.0,0.0,28
2026-04-14T19:43:18.541002,qbittorrent-app-1,ugreen/qbittorrent:v1,4.146733668341708,3759.80859375,48.720870314371304,0,0,0.0,0.0,28
2026-04-14T19:43:29.571293,qbittorrent-app-1,ugreen/qbittorrent:v1,5.307202007528231,3752.0078125,48.619785154806586,0,0,0.0,0.0,28
2026-04-14T19:43:40.597776,qbittorrent-app-1,ugreen/qbittorrent:v1,4.5298377028714105,3757.06640625,48.68533612207564,0,0,0.0,0.0,28
2026-04-14T19:43:51.621645,qbittorrent-app-1,ugreen/qbittorrent:v1,6.81040404040404,3762.9375,48.76141573891379,0,0,0.0,0.0,28
2026-04-14T19:44:02.646084,qbittorrent-app-1,ugreen/qbittorrent:v1,0.3311,3765.71875,48.797456116284884,0,0,0.0,0.0,28
2026-04-14T19:44:13.673570,qbittorrent-app-1,ugreen/qbittorrent:v1,0.9677708592777087,3768.65625,48.83552123395773,0,0,0.0,0.0,28
2026-04-14T19:44:24.699103,qbittorrent-app-1,ugreen/qbittorrent:v1,4.407500000000001,3772.7421875,48.888468192848414,0,0,0.0,0.0,28
2026-04-14T19:44:35.722110,qbittorrent-app-1,ugreen/qbittorrent:v1,5.302713567839196,3768.1015625,48.828333405886525,0,0,0.0,0.0,28
2026-04-14T19:44:46.743568,qbittorrent-app-1,ugreen/qbittorrent:v1,4.193927227101631,3774.03125,48.90517230033783,0,0,0.0,0.0,28
2026-04-14T19:44:57.766114,qbittorrent-app-1,ugreen/qbittorrent:v1,7.263434343434344,3781.03125,48.99588066585609,0,0,0.0,0.0,28
2026-04-14T19:45:08.787491,qbittorrent-app-1,ugreen/qbittorrent:v1,3.501677096370463,3786.76953125,49.070239253437755,0,0,0.0,0.0,27
2026-04-14T19:45:19.813613,qbittorrent-app-1,ugreen/qbittorrent:v1,0.43410000000000004,3790.01171875,49.11225261469901,0,0,0.0,0.0,26
2026-04-14T19:45:30.842548,qbittorrent-app-1,ugreen/qbittorrent:v1,0.4984308841843088,3790.01171875,49.11225261469901,0,0,0.0,0.0,26
2026-04-14T19:45:41.874194,qbittorrent-app-1,ugreen/qbittorrent:v1,0.3228927680798005,3790.02734375,49.112455088729185,0,0,0.0,0.0,26
2026-04-14T19:45:52.903795,qbittorrent-app-1,ugreen/qbittorrent:v1,0.17863013698630137,3790.01953125,49.1123538517141,0,0,0.0,0.0,26
2026-04-14T19:46:03.929242,qbittorrent-app-1,ugreen/qbittorrent:v1,0.7965130759651308,3790.02734375,49.112455088729185,0,0,0.0,0.0,26
2026-04-14T19:46:14.960101,qbittorrent-app-1,ugreen/qbittorrent:v1,0.32199750312109865,3790.2890625,49.11584652873461,0,0,0.0,0.0,26
2026-04-14T19:46:25.994721,qbittorrent-app-1,ugreen/qbittorrent:v1,3.845721455457967,3793.40234375,49.15618947924692,0,0,0.0,0.0,26
2026-04-14T19:46:37.024208,qbittorrent-app-1,ugreen/qbittorrent:v1,4.2148370927318295,3797.34375,49.20726355335849,0,0,0.0,0.0,28
2026-04-14T19:46:48.046294,qbittorrent-app-1,ugreen/qbittorrent:v1,5.145404732254048,3802.77734375,49.27767389735174,0,0,0.0,0.0,28
2026-04-14T19:46:59.072887,qbittorrent-app-1,ugreen/qbittorrent:v1,3.626599749058971,3807.6875,49.341301361334146,0,0,0.0,0.0,28
2026-04-14T19:47:10.104589,qbittorrent-app-1,ugreen/qbittorrent:v1,6.150287859824781,3803.94140625,49.29275821259976,0,0,0.0,0.0,28
2026-04-14T19:47:21.129550,qbittorrent-app-1,ugreen/qbittorrent:v1,6.853199999999999,3809.84375,49.36924277749825,0,0,0.0,0.0,28
2026-04-14T19:47:32.157190,qbittorrent-app-1,ugreen/qbittorrent:v1,6.666633291614518,3816.7578125,49.458837535850556,0,0,0.0,0.0,28
2026-04-14T19:47:43.182146,qbittorrent-app-1,ugreen/qbittorrent:v1,4.472380952380953,3823.58203125,49.54726806852936,0,0,0.0,0.0,28
2026-04-14T19:47:54.204153,qbittorrent-app-1,ugreen/qbittorrent:v1,1.4372104607721046,3818.33203125,49.47923679439066,0,0,0.0,0.0,28
2026-04-14T19:48:05.230760,qbittorrent-app-1,ugreen/qbittorrent:v1,0.4536,3821.703125,49.52292056640085,0,0,0.0,0.0,27
2026-04-14T19:48:16.248957,qbittorrent-app-1,ugreen/qbittorrent:v1,1.564,3823.16015625,49.54180126971464,0,0,0.0,0.0,27
2026-04-14T19:48:27.277544,qbittorrent-app-1,ugreen/qbittorrent:v1,0.1863013698630137,3824.8984375,49.56432650557158,0,0,0.0,0.0,27
2026-04-14T19:48:38.302079,qbittorrent-app-1,ugreen/qbittorrent:v1,0.1842,3824.88671875,49.56417465004895,0,0,0.0,0.0,27
2026-04-14T19:48:49.322055,qbittorrent-app-1,ugreen/qbittorrent:v1,1.6545318352059926,3824.875,49.564022794526316,0,0,0.0,0.0,27
2026-04-14T19:49:00.346497,qbittorrent-app-1,ugreen/qbittorrent:v1,1.8137,3827.59765625,49.599303894284255,0,0,0.0,0.0,24
2026-04-14T19:49:11.371980,qbittorrent-app-1,ugreen/qbittorrent:v1,4.54406015037594,3822.9609375,49.539219725829916,0,0,0.0,0.0,24
2026-04-14T19:49:22.396776,qbittorrent-app-1,ugreen/qbittorrent:v1,4.375538847117794,3828.04296875,49.60507440414424,0,0,0.0,0.0,24
2026-04-14T19:49:33.425264,qbittorrent-app-1,ugreen/qbittorrent:v1,0.167,3830.94140625,49.642633336741646,0,0,0.0,0.0,24
2026-04-14T19:49:44.451106,qbittorrent-app-1,ugreen/qbittorrent:v1,4.6080000000000005,3834.82421875,49.69294813324006,0,0,0.0,0.0,24
2026-04-14T19:49:55.474253,qbittorrent-app-1,ugreen/qbittorrent:v1,5.704080604534005,3838.03125,49.73450592793342,0,0,0.0,0.0,24
2026-04-14T19:50:06.496983,qbittorrent-app-1,ugreen/qbittorrent:v1,6.4726368159203975,3845.19921875,49.82739088927606,0,0,0.0,0.0,25
2026-04-14T19:50:17.526711,qbittorrent-app-1,ugreen/qbittorrent:v1,0.7268913857677903,3846.73046875,49.84723334423318,0,0,0.0,0.0,28
2026-04-14T19:50:28.549707,qbittorrent-app-1,ugreen/qbittorrent:v1,1.1728,3839.73828125,49.75662621573,0,0,0.0,0.0,28
2026-04-14T19:50:39.572925,qbittorrent-app-1,ugreen/qbittorrent:v1,5.165543071161049,3844.625,49.819949968667146,0,0,0.0,0.0,28
2026-04-14T19:50:50.597508,qbittorrent-app-1,ugreen/qbittorrent:v1,3.1295118898623278,3848.375,49.86854373590907,0,0,0.0,0.0,28
2026-04-14T19:51:01.618985,qbittorrent-app-1,ugreen/qbittorrent:v1,4.962314465408805,3853.56640625,49.93581573243462,0,0,0.0,0.0,28
2026-04-14T19:51:12.648132,qbittorrent-app-1,ugreen/qbittorrent:v1,4.913216957605985,3859.5234375,50.01300895643872,0,0,0.0,0.0,28
2026-04-14T19:51:23.673040,qbittorrent-app-1,ugreen/qbittorrent:v1,5.889624060150376,3846.57421875,49.84520860393144,0,0,0.0,0.0,28
2026-04-14T19:51:34.699337,qbittorrent-app-1,ugreen/qbittorrent:v1,0.6848,3850.25390625,49.89289123803758,0,0,0.0,0.0,28
2026-04-14T19:51:45.724149,qbittorrent-app-1,ugreen/qbittorrent:v1,0.6537171464330414,3852.31640625,49.91961781002065,0,0,0.0,0.0,28
2026-04-14T19:51:56.748406,qbittorrent-app-1,ugreen/qbittorrent:v1,0.30511860174781524,3852.12109375,49.91708688464346,0,0,0.0,0.0,28
2026-04-14T19:52:07.772200,qbittorrent-app-1,ugreen/qbittorrent:v1,1.9640348692403486,3852.07421875,49.91647946255293,0,0,0.0,0.0,27
2026-04-14T19:52:18.797827,qbittorrent-app-1,ugreen/qbittorrent:v1,0.23393788819875777,3852.05859375,49.91627698852276,0,0,0.0,0.0,27
2026-04-14T19:52:29.824855,qbittorrent-app-1,ugreen/qbittorrent:v1,0.10973717146433042,3852.0390625,49.91602389598504,0,0,0.0,0.0,27
2026-04-14T19:52:40.848637,qbittorrent-app-1,ugreen/qbittorrent:v1,3.0137,3854.95703125,49.95383592112017,0,0,0.0,0.0,27
2026-04-14T19:52:51.872764,qbittorrent-app-1,ugreen/qbittorrent:v1,5.031641791044776,3859.72265625,50.01559050032345,0,0,0.0,0.0,27
2026-04-14T19:53:02.900112,qbittorrent-app-1,ugreen/qbittorrent:v1,5.091328320802005,3864.74609375,50.08068590102462,0,0,0.0,0.0,26
2026-04-14T19:53:13.922072,qbittorrent-app-1,ugreen/qbittorrent:v1,5.612431077694236,3870.28125,50.15241232621401,0,0,0.0,0.0,26
2026-04-14T19:53:24.948287,qbittorrent-app-1,ugreen/qbittorrent:v1,5.9376662484316185,3876.06640625,50.2273783358862,0,0,0.0,0.0,26
2026-04-14T19:53:35.974568,qbittorrent-app-1,ugreen/qbittorrent:v1,3.4804000000000004,3861.44921875,50.037963880657756,0,0,0.0,0.0,29
2026-04-14T19:53:46.997458,qbittorrent-app-1,ugreen/qbittorrent:v1,3.708735919899875,3866.2734375,50.1004777374742,0,0,0.0,0.0,29
2026-04-14T19:53:58.029512,qbittorrent-app-1,ugreen/qbittorrent:v1,2.1706265664160402,3872.30078125,50.178582094614086,0,0,0.0,0.0,29
2026-04-14T19:54:09.055466,qbittorrent-app-1,ugreen/qbittorrent:v1,5.155355805243446,3877.96875,50.25202954905996,0,0,0.0,0.0,29
2026-04-14T19:54:20.088932,qbittorrent-app-1,ugreen/qbittorrent:v1,2.76394506866417,3883.265625,50.32066824528919,0,0,0.0,0.0,29
2026-04-14T19:54:31.118539,qbittorrent-app-1,ugreen/qbittorrent:v1,1.9980024968789014,3885.8359375,50.353975223252924,0,0,0.0,0.0,29
2026-04-14T19:54:42.148147,qbittorrent-app-1,ugreen/qbittorrent:v1,3.66074812967581,3888.10546875,50.3833845761358,0,0,0.0,0.0,29
2026-04-14T19:54:53.178675,qbittorrent-app-1,ugreen/qbittorrent:v1,2.88811013767209,3884.21875,50.33301916112984,0,0,0.0,0.0,29
2026-04-14T19:55:04.206101,qbittorrent-app-1,ugreen/qbittorrent:v1,2.1771785268414483,3889.4765625,50.40115167228363,0,0,0.0,0.0,27
2026-04-14T19:55:15.237286,qbittorrent-app-1,ugreen/qbittorrent:v1,4.994415094339623,3894.10546875,50.46113460372289,0,0,0.0,0.0,27
2026-04-14T19:55:26.265542,qbittorrent-app-1,ugreen/qbittorrent:v1,5.762619647355164,3892.4296875,50.43941926398665,0,0,0.0,0.0,27
2026-04-14T19:55:37.293617,qbittorrent-app-1,ugreen/qbittorrent:v1,3.361809045226131,3897.234375,50.50168002826537,0,0,0.0,0.0,27
2026-04-14T19:55:48.321663,qbittorrent-app-1,ugreen/qbittorrent:v1,4.445757196495619,3902.98828125,50.57624108987721,0,0,0.0,0.0,27
2026-04-14T19:55:59.353420,qbittorrent-app-1,ugreen/qbittorrent:v1,5.404034869240348,3907.98046875,50.64093154251803,0,0,0.0,0.0,26
2026-04-14T19:56:10.382425,qbittorrent-app-1,ugreen/qbittorrent:v1,5.767200986436498,3909.1796875,50.65647142433394,0,0,0.0,0.0,29
2026-04-14T19:56:21.427314,qbittorrent-app-1,ugreen/qbittorrent:v1,6.709677419354838,3915.83203125,50.74267474268082,0,0,0.0,0.0,29
2026-04-14T19:56:32.456210,qbittorrent-app-1,ugreen/qbittorrent:v1,6.357799999999999,3916.29296875,50.74864772657097,0,0,0.0,0.0,29
2026-04-14T19:56:43.487863,qbittorrent-app-1,ugreen/qbittorrent:v1,6.235588972431078,3923.0234375,50.83586341506873,0,0,0.0,0.0,29
2026-04-14T19:56:54.521872,qbittorrent-app-1,ugreen/qbittorrent:v1,6.441203007518798,3929.3203125,50.91746044922913,0,0,0.0,0.0,29
2026-04-14T19:57:05.548345,qbittorrent-app-1,ugreen/qbittorrent:v1,7.1162860727728985,3927.6953125,50.89640315009096,0,0,0.0,0.0,29
2026-04-14T19:57:16.573026,qbittorrent-app-1,ugreen/qbittorrent:v1,5.802540473225404,3933.99609375,50.978050802758915,0,0,0.0,0.0,29
2026-04-14T19:57:27.601403,qbittorrent-app-1,ugreen/qbittorrent:v1,5.4653682896379525,3940.31640625,51.05995154796458,0,0,0.0,0.0,29
2026-04-14T19:57:38.625452,qbittorrent-app-1,ugreen/qbittorrent:v1,2.2075594493116397,3935.6484375,50.999462431449885,0,0,0.0,0.0,29
2026-04-14T19:57:49.665848,qbittorrent-app-1,ugreen/qbittorrent:v1,1.4757553058676653,3940.95703125,51.068252983201745,0,0,0.0,0.0,29
2026-04-14T19:58:00.697367,qbittorrent-app-1,ugreen/qbittorrent:v1,0.2811970074812967,3943.26953125,51.0982191396676,0,0,0.0,0.0,28
2026-04-14T19:58:11.722751,qbittorrent-app-1,ugreen/qbittorrent:v1,0.3766,3943.046875,51.095333884737606,0,0,0.0,0.0,28
2026-04-14T19:58:22.750698,qbittorrent-app-1,ugreen/qbittorrent:v1,3.0238596491228074,3944.3984375,51.11284788834772,0,0,0.0,0.0,28
2026-04-14T19:58:33.783030,qbittorrent-app-1,ugreen/qbittorrent:v1,0.500648379052369,3944.65625,51.1161887098456,0,0,0.0,0.0,28
2026-04-14T19:58:44.814329,qbittorrent-app-1,ugreen/qbittorrent:v1,0.34237203495630464,3945.0390625,51.12114932358488,0,0,0.0,0.0,28
2026-04-14T19:58:55.848102,qbittorrent-app-1,ugreen/qbittorrent:v1,2.5091729323308267,3946.73828125,51.14316837436639,0,0,0.0,0.0,28
2026-04-14T19:59:06.874958,qbittorrent-app-1,ugreen/qbittorrent:v1,3.5630075187969923,3938.94921875,51.042235070324296,0,0,0.0,0.0,26
2026-04-14T19:59:17.903058,qbittorrent-app-1,ugreen/qbittorrent:v1,4.3124,3943.86328125,51.10591315281424,0,0,0.0,0.0,26
2026-04-14T19:59:28.929404,qbittorrent-app-1,ugreen/qbittorrent:v1,4.309912609238451,3948.8671875,51.17075546097769,0,0,0.0,0.0,26
2026-04-14T19:59:39.960561,qbittorrent-app-1,ugreen/qbittorrent:v1,6.7373566084788035,3953.5703125,51.23170014406028,0,0,0.0,0.0,26
2026-04-14T19:59:50.999722,qbittorrent-app-1,ugreen/qbittorrent:v1,5.889323308270677,3934.578125,50.98559296038292,0,0,0.0,0.0,26
2026-04-14T20:00:02.031103,qbittorrent-app-1,ugreen/qbittorrent:v1,6.60394506866417,3939.70703125,51.05205506078777,0,0,0.0,0.0,30
2026-04-14T20:00:13.052228,qbittorrent-app-1,ugreen/qbittorrent:v1,1.316246913580247,3941.6875,51.077718644112416,0,0,0.0,0.0,28
2026-04-14T20:00:24.092417,qbittorrent-app-1,ugreen/qbittorrent:v1,0.159,3941.6875,51.077718644112416,0,0,0.0,0.0,28
2026-04-14T20:00:35.122527,qbittorrent-app-1,ugreen/qbittorrent:v1,0.1863681592039801,3941.64453125,51.07716184052943,0,0,0.0,0.0,28
2026-04-14T20:00:46.151531,qbittorrent-app-1,ugreen/qbittorrent:v1,0.3133083645443196,3941.93359375,51.08090761008766,0,0,0.0,0.0,28
2026-04-14T20:00:57.181165,qbittorrent-app-1,ugreen/qbittorrent:v1,1.9017543859649124,3942.9375,51.09391656652639,0,0,0.0,0.0,28
2026-04-14T20:01:08.211458,qbittorrent-app-1,ugreen/qbittorrent:v1,2.7338,3946.33203125,51.13790404958184,0,0,0.0,0.0,24
2026-04-14T20:01:19.237441,qbittorrent-app-1,ugreen/qbittorrent:v1,5.045018820577164,3951.2109375,51.2011265655039,0,0,0.0,0.0,26
2026-04-14T20:01:30.263550,qbittorrent-app-1,ugreen/qbittorrent:v1,7.9364794007490636,3955.41015625,51.25554146111334,0,0,0.0,0.0,26
2026-04-14T20:01:41.289059,qbittorrent-app-1,ugreen/qbittorrent:v1,5.3484567126725215,3960.71484375,51.324281394357655,0,0,0.0,0.0,26
2026-04-14T20:01:52.314919,qbittorrent-app-1,ugreen/qbittorrent:v1,5.225,3966.140625,51.39459050133583,0,0,0.0,0.0,26
2026-04-14T20:02:03.342732,qbittorrent-app-1,ugreen/qbittorrent:v1,5.589560853199498,3972.21875,51.47335289907379,0,0,0.0,0.0,29
2026-04-14T20:02:14.374801,qbittorrent-app-1,ugreen/qbittorrent:v1,5.445193508114857,3978.046875,51.54887571232894,0,0,0.0,0.0,29
2026-04-14T20:02:25.407003,qbittorrent-app-1,ugreen/qbittorrent:v1,1.3622942643391522,3966.8046875,51.40319564761825,0,0,0.0,0.0,29
2026-04-14T20:02:36.459315,qbittorrent-app-1,ugreen/qbittorrent:v1,0.18423940149625934,3966.9609375,51.40522038791999,0,0,0.0,0.0,29
2026-04-14T20:02:47.487425,qbittorrent-app-1,ugreen/qbittorrent:v1,0.25508114856429465,3966.88671875,51.404258636276666,0,0,0.0,0.0,29
2026-04-14T20:02:58.518475,qbittorrent-app-1,ugreen/qbittorrent:v1,0.6904738154613467,3966.7109375,51.4019808034372,0,0,0.0,0.0,24
2026-04-14T20:03:09.547873,qbittorrent-app-1,ugreen/qbittorrent:v1,3.172165206508135,3967.671875,51.41443295629294,0,0,0.0,0.0,24
2026-04-14T20:03:20.577105,qbittorrent-app-1,ugreen/qbittorrent:v1,1.4150062735257214,3970.1484375,51.44652509007563,0,0,0.0,0.0,24
2026-04-14T20:03:31.609289,qbittorrent-app-1,ugreen/qbittorrent:v1,6.806315789473684,3975.12890625,51.511063687193825,0,0,0.0,0.0,24
2026-04-14T20:03:42.641603,qbittorrent-app-1,ugreen/qbittorrent:v1,5.138145363408522,3980.98046875,51.58689021149425,0,0,0.0,0.0,24
2026-04-14T20:03:53.669432,qbittorrent-app-1,ugreen/qbittorrent:v1,5.582478097622028,3986.87109375,51.66322292087011,0,0,0.0,0.0,24
2026-04-14T20:04:04.699105,qbittorrent-app-1,ugreen/qbittorrent:v1,5.295778894472361,3991.40234375,51.72194038962078,0,0,0.0,0.0,26
2026-04-14T20:04:15.733161,qbittorrent-app-1,ugreen/qbittorrent:v1,6.857937888198758,3997.7734375,51.80449917542451,0,0,0.0,0.0,26
2026-04-14T20:04:26.768142,qbittorrent-app-1,ugreen/qbittorrent:v1,5.167459324155194,3990.69140625,51.712727821247825,0,0,0.0,0.0,28
2026-04-14T20:04:37.797703,qbittorrent-app-1,ugreen/qbittorrent:v1,0.34577114427860695,3994.50390625,51.76213148461045,0,0,0.0,0.0,28
2026-04-14T20:04:48.823500,qbittorrent-app-1,ugreen/qbittorrent:v1,1.3632,3994.484375,51.76187839207274,0,0,0.0,0.0,28
2026-04-14T20:04:59.851664,qbittorrent-app-1,ugreen/qbittorrent:v1,1.8324189526184538,3995.7890625,51.77878497359233,0,0,0.0,0.0,28
2026-04-14T20:05:10.881113,qbittorrent-app-1,ugreen/qbittorrent:v1,1.9504000000000001,3997.60546875,51.80232257960014,0,0,0.0,0.0,28
2026-04-14T20:05:21.906267,qbittorrent-app-1,ugreen/qbittorrent:v1,1.4167,4002.33203125,51.86357097372798,0,0,0.0,0.0,28
2026-04-14T20:05:32.939038,qbittorrent-app-1,ugreen/qbittorrent:v1,2.5669086357947433,4004.85546875,51.896270529601196,0,0,0.0,0.0,28
2026-04-14T20:05:43.970895,qbittorrent-app-1,ugreen/qbittorrent:v1,2.7348813982521847,4008.26171875,51.94040986817928,0,0,0.0,0.0,28
2026-04-14T20:05:54.994156,qbittorrent-app-1,ugreen/qbittorrent:v1,4.295162094763092,3987.140625,51.66671559789062,0,0,0.0,0.0,28
2026-04-14T20:06:06.021992,qbittorrent-app-1,ugreen/qbittorrent:v1,5.337872340425532,3992.29296875,51.73348140934073,0,0,0.0,0.0,26
2026-04-14T20:06:17.050677,qbittorrent-app-1,ugreen/qbittorrent:v1,5.416971214017522,3997.75,51.804195464379255,0,0,0.0,0.0,26
2026-04-14T20:06:28.084328,qbittorrent-app-1,ugreen/qbittorrent:v1,5.2213,4003.1796875,51.87455518986496,0,0,0.0,0.0,26
2026-04-14T20:06:39.104814,qbittorrent-app-1,ugreen/qbittorrent:v1,3.888922305764411,4008.69921875,51.94607914102417,0,0,0.0,0.0,28
2026-04-14T20:06:50.131177,qbittorrent-app-1,ugreen/qbittorrent:v1,5.648582183186951,4014.1640625,52.01689443307777,0,0,0.0,0.0,28
2026-04-14T20:07:01.166450,qbittorrent-app-1,ugreen/qbittorrent:v1,3.185006289308176,4020.890625,52.10405950306799,0,0,0.0,0.0,29
2026-04-14T20:07:12.202283,qbittorrent-app-1,ugreen/qbittorrent:v1,3.380250626566416,4008.48828125,51.94334574161682,0,0,0.0,0.0,29
2026-04-14T20:07:23.225720,qbittorrent-app-1,ugreen/qbittorrent:v1,4.793316708229427,4013.1015625,52.00312619902589,0,0,0.0,0.0,29
2026-04-14T20:07:34.260196,qbittorrent-app-1,ugreen/qbittorrent:v1,0.19726708074534163,4014.8828125,52.02620823846581,0,0,0.0,0.0,29
2026-04-14T20:07:45.292625,qbittorrent-app-1,ugreen/qbittorrent:v1,2.3782,4018.51171875,52.07323283197389,0,0,0.0,0.0,29
2026-04-14T20:07:56.329314,qbittorrent-app-1,ugreen/qbittorrent:v1,4.024130162703379,4021.1875,52.10790650964131,0,0,0.0,0.0,29
2026-04-14T20:08:07.357767,qbittorrent-app-1,ugreen/qbittorrent:v1,3.8021,4026.44140625,52.17598840228755,0,0,0.0,0.0,29
2026-04-14T20:08:18.390427,qbittorrent-app-1,ugreen/qbittorrent:v1,5.5055361596009975,4028.18359375,52.198564256652034,0,0,0.0,0.0,29
2026-04-14T20:08:29.424738,qbittorrent-app-1,ugreen/qbittorrent:v1,6.1476999999999995,4034.015625,52.27413768841473,0,0,0.0,0.0,29
2026-04-14T20:08:40.447824,qbittorrent-app-1,ugreen/qbittorrent:v1,5.608241206030151,4040.08203125,52.35274823063006,0,0,0.0,0.0,29
2026-04-14T20:08:51.481745,qbittorrent-app-1,ugreen/qbittorrent:v1,2.436345431789737,4045.1796875,52.41880538297457,0,0,0.0,0.0,29
2026-04-14T20:09:02.507646,qbittorrent-app-1,ugreen/qbittorrent:v1,6.069751243781094,4028.46484375,52.20220878919518,0,0,0.0,0.0,28
2026-04-14T20:09:13.537252,qbittorrent-app-1,ugreen/qbittorrent:v1,4.528160200250313,4033.85546875,52.272062329605454,0,0,0.0,0.0,28
2026-04-14T20:09:24.570317,qbittorrent-app-1,ugreen/qbittorrent:v1,4.580349127182045,4039.515625,52.34540854703623,0,0,0.0,0.0,28
2026-04-14T20:09:35.605910,qbittorrent-app-1,ugreen/qbittorrent:v1,4.804278606965174,4045.07421875,52.41743868327089,0,0,0.0,0.0,28
2026-04-14T20:09:46.637629,qbittorrent-app-1,ugreen/qbittorrent:v1,3.4970719602977667,4050.29296875,52.48506500934924,0,0,0.0,0.0,28
2026-04-14T20:09:57.672250,qbittorrent-app-1,ugreen/qbittorrent:v1,4.255819774718398,4055.44921875,52.55188143930689,0,0,0.0,0.0,28
2026-04-14T20:10:08.701067,qbittorrent-app-1,ugreen/qbittorrent:v1,6.048020050125313,4060.8046875,52.62127941314927,0,0,0.0,0.0,28
2026-04-14T20:10:19.734103,qbittorrent-app-1,ugreen/qbittorrent:v1,5.217844611528822,4052.234375,52.51022240759845,0,0,0.0,0.0,28
2026-04-14T20:10:30.770821,qbittorrent-app-1,ugreen/qbittorrent:v1,5.350488110137673,4057.85546875,52.5830624399538,0,0,0.0,0.0,28
2026-04-14T20:10:41.798993,qbittorrent-app-1,ugreen/qbittorrent:v1,4.564522613065327,4063.51171875,52.65635803887704,0,0,0.0,0.0,29
2026-04-14T20:10:52.824483,qbittorrent-app-1,ugreen/qbittorrent:v1,6.167254408060454,4068.37890625,52.71942869927646,0,0,0.0,0.0,29
2026-04-14T20:11:03.855676,qbittorrent-app-1,ugreen/qbittorrent:v1,5.869346733668341,4074.84375,52.80320232926125,0,0,0.0,0.0,29
2026-04-14T20:11:14.882242,qbittorrent-app-1,ugreen/qbittorrent:v1,4.259673776662484,4081.8671875,52.89421440582477,0,0,0.0,0.0,29
2026-04-14T20:11:25.911971,qbittorrent-app-1,ugreen/qbittorrent:v1,0.3891,4067.5703125,52.70895066821492,0,0,0.0,0.0,29
2026-04-14T20:11:36.938284,qbittorrent-app-1,ugreen/qbittorrent:v1,0.5463659147869674,4000.5078125,51.839932130705094,0,0,0.0,0.0,29
2026-04-14T20:11:47.966523,qbittorrent-app-1,ugreen/qbittorrent:v1,3.553258426966292,4002.76953125,51.86924024657288,0,0,0.0,0.0,29
2026-04-14T20:11:59.001666,qbittorrent-app-1,ugreen/qbittorrent:v1,4.5191979949874685,4007.44140625,51.92977998159512,0,0,0.0,0.0,27
2026-04-14T20:12:10.030097,qbittorrent-app-1,ugreen/qbittorrent:v1,4.722403003754693,4013.42578125,52.00732753515203,0,0,0.0,0.0,27
2026-04-14T20:12:21.056997,qbittorrent-app-1,ugreen/qbittorrent:v1,7.283220125786164,4019.16015625,52.08163550422614,0,0,0.0,0.0,27
2026-04-14T20:12:32.092421,qbittorrent-app-1,ugreen/qbittorrent:v1,5.051685393258427,4026.6328125,52.17846870915719,0,0,0.0,0.0,27
2026-04-14T20:12:43.120206,qbittorrent-app-1,ugreen/qbittorrent:v1,2.9449624060150374,4033.4375,52.26664614929828,0,0,0.0,0.0,27
2026-04-14T20:12:54.144098,qbittorrent-app-1,ugreen/qbittorrent:v1,4.394713216957606,4038.6328125,52.33396876433136,0,0,0.0,0.0,27
2026-04-14T20:13:05.173969,qbittorrent-app-1,ugreen/qbittorrent:v1,1.2898,4039.7578125,52.34854689450395,0,0,0.0,0.0,27
2026-04-14T20:13:16.204296,qbittorrent-app-1,ugreen/qbittorrent:v1,4.099949622166247,4043.98046875,52.40326550115866,0,0,0.0,0.0,28
2026-04-14T20:13:27.232645,qbittorrent-app-1,ugreen/qbittorrent:v1,4.678247809762203,4049.67578125,52.47706728515734,0,0,0.0,0.0,29
2026-04-14T20:13:38.258203,qbittorrent-app-1,ugreen/qbittorrent:v1,6.174618272841052,4054.515625,52.53978361600395,0,0,0.0,0.0,29
2026-04-14T20:13:49.287242,qbittorrent-app-1,ugreen/qbittorrent:v1,3.2519700748129674,4059.8671875,52.60913097133879,0,0,0.0,0.0,29
2026-04-14T20:14:00.319635,qbittorrent-app-1,ugreen/qbittorrent:v1,3.4548370927318293,4065.046875,52.676251112341696,0,0,0.0,0.0,29
2026-04-14T20:14:11.345613,qbittorrent-app-1,ugreen/qbittorrent:v1,7.01912609238452,4072.1171875,52.76787061099576,0,0,0.0,0.0,29
2026-04-14T20:14:22.373100,qbittorrent-app-1,ugreen/qbittorrent:v1,1.6238,4078.921875,52.85604805113684,0,0,0.0,0.0,29
2026-04-14T20:14:33.403082,qbittorrent-app-1,ugreen/qbittorrent:v1,6.940675844806007,4084.99609375,52.93475983036726,0,0,0.0,0.0,29
2026-04-14T20:14:44.431127,qbittorrent-app-1,ugreen/qbittorrent:v1,5.8899128268991285,4091.83203125,53.02334221856869,0,0,0.0,0.0,29
2026-04-14T20:14:55.461794,qbittorrent-app-1,ugreen/qbittorrent:v1,5.219673776662484,4098.5625,53.11055790706645,0,0,0.0,0.0,29
2026-04-14T20:15:06.483463,qbittorrent-app-1,ugreen/qbittorrent:v1,0.6481795511221945,4101.88671875,53.153634256986116,0,0,0.0,0.0,30
2026-04-14T20:15:17.516345,qbittorrent-app-1,ugreen/qbittorrent:v1,3.939275905118602,4104.81640625,53.19159813764387,0,0,0.0,0.0,29
2026-04-14T20:15:28.547459,qbittorrent-app-1,ugreen/qbittorrent:v1,3.2819875776397516,4110.49609375,53.26519744761238,0,0,0.0,0.0,29
2026-04-14T20:15:39.574694,qbittorrent-app-1,ugreen/qbittorrent:v1,5.879546027742749,4117.0078125,53.34957849968769,0,0,0.0,0.0,29
2026-04-14T20:15:50.604766,qbittorrent-app-1,ugreen/qbittorrent:v1,4.279396984924623,4123.5234375,53.43401017027054,0,0,0.0,0.0,29
2026-04-14T20:16:01.631028,qbittorrent-app-1,ugreen/qbittorrent:v1,7.446825595984944,4121.03125,53.401715562457674,0,0,0.0,0.0,29
2026-04-14T20:16:12.655054,qbittorrent-app-1,ugreen/qbittorrent:v1,5.5803,4127.26171875,53.48245208198983,0,0,0.0,0.0,29
2026-04-14T20:16:23.682082,qbittorrent-app-1,ugreen/qbittorrent:v1,3.2234292866082606,4131.94921875,53.54319429104224,0,0,0.0,0.0,29
2026-04-14T20:16:34.708802,qbittorrent-app-1,ugreen/qbittorrent:v1,4.2,4138.5078125,53.628182765208074,0,0,0.0,0.0,29
2026-04-14T20:16:45.740267,qbittorrent-app-1,ugreen/qbittorrent:v1,2.7557894736842106,4127.26953125,53.48255331900492,0,0,0.0,0.0,29
2026-04-14T20:16:56.768099,qbittorrent-app-1,ugreen/qbittorrent:v1,5.4840100250626564,4133.66796875,53.56546643436146,0,0,0.0,0.0,29
2026-04-14T20:17:07.792212,qbittorrent-app-1,ugreen/qbittorrent:v1,8.152150943396226,4138.08203125,53.622665347885814,0,0,0.0,0.0,29
2026-04-14T20:17:18.819009,qbittorrent-app-1,ugreen/qbittorrent:v1,6.032663316582915,4143.62109375,53.694442391582754,0,0,0.0,0.0,29
2026-04-14T20:17:29.846127,qbittorrent-app-1,ugreen/qbittorrent:v1,5.017128589263421,4148.921875,53.76313170631952,0,0,0.0,0.0,29
2026-04-14T20:17:40.878896,qbittorrent-app-1,ugreen/qbittorrent:v1,3.919197994987469,4136.83984375,53.60656866248693,0,0,0.0,0.0,29
2026-04-14T20:17:51.902840,qbittorrent-app-1,ugreen/qbittorrent:v1,3.9681582200247223,4141.6953125,53.669487467363716,0,0,0.0,0.0,29
2026-04-14T20:18:02.934521,qbittorrent-app-1,ugreen/qbittorrent:v1,2.3673,4146.578125,53.732760601793316,0,0,0.0,0.0,26
2026-04-14T20:18:13.972886,qbittorrent-app-1,ugreen/qbittorrent:v1,5.435678391959799,4152.59765625,53.81076372191812,0,0,0.0,0.0,26
2026-04-14T20:18:24.996990,qbittorrent-app-1,ugreen/qbittorrent:v1,4.9922208281053955,4157.49609375,53.87423933037788,0,0,0.0,0.0,26
2026-04-14T20:18:36.027504,qbittorrent-app-1,ugreen/qbittorrent:v1,4.757038895859473,4163.19140625,53.948041114376565,0,0,0.0,0.0,26
2026-04-14T20:18:47.057722,qbittorrent-app-1,ugreen/qbittorrent:v1,5.507854454203262,4170.26171875,54.03966061303061,0,0,0.0,0.0,28
2026-04-14T20:18:58.086845,qbittorrent-app-1,ugreen/qbittorrent:v1,4.542978723404255,4168.71484375,54.01961568404332,0,0,0.0,0.0,28
2026-04-14T20:19:09.108993,qbittorrent-app-1,ugreen/qbittorrent:v1,5.701945137157107,4175.7421875,54.1106783791144,0,0,0.0,0.0,28
2026-04-14T20:19:20.137652,qbittorrent-app-1,ugreen/qbittorrent:v1,1.6079197994987466,4177.265625,54.13041959705643,0,0,0.0,0.0,28
2026-04-14T20:19:31.165618,qbittorrent-app-1,ugreen/qbittorrent:v1,4.918488664987406,4180.78515625,54.17602687235329,0,0,0.0,0.0,28
2026-04-14T20:19:42.195767,qbittorrent-app-1,ugreen/qbittorrent:v1,1.194307116104869,4185.90625,54.242387735743044,0,0,0.0,0.0,28
2026-04-14T20:19:53.222153,qbittorrent-app-1,ugreen/qbittorrent:v1,2.4062233375156836,4190.21484375,54.298219949563716,0,0,0.0,0.0,28
2026-04-14T20:20:04.246969,qbittorrent-app-1,ugreen/qbittorrent:v1,4.371557788944724,4195.2421875,54.36336596877243,0,0,0.0,0.0,26
2026-04-14T20:20:15.277614,qbittorrent-app-1,ugreen/qbittorrent:v1,6.302277847309136,4193.3671875,54.33906908515147,0,0,0.0,0.0,29
2026-04-14T20:20:26.299830,qbittorrent-app-1,ugreen/qbittorrent:v1,2.515689223057644,4199.26953125,54.415553650049965,0,0,0.0,0.0,29
2026-04-14T20:20:37.324507,qbittorrent-app-1,ugreen/qbittorrent:v1,6.044981132075471,4180.62109375,54.173900895036454,0,0,0.0,0.0,29
2026-04-14T20:20:48.347142,qbittorrent-app-1,ugreen/qbittorrent:v1,1.980775969962453,4185.80078125,54.24102103603936,0,0,0.0,0.0,29
2026-04-14T20:20:59.372306,qbittorrent-app-1,ugreen/qbittorrent:v1,6.0877,4191.5078125,54.31497467556068,0,0,0.0,0.0,29
2026-04-14T20:21:10.395598,qbittorrent-app-1,ugreen/qbittorrent:v1,2.555989974937343,4195.98828125,54.373034103713266,0,0,0.0,0.0,29
2026-04-14T20:21:21.431530,qbittorrent-app-1,ugreen/qbittorrent:v1,5.4399999999999995,4201.078125,54.43899001904269,0,0,0.0,0.0,29
2026-04-14T20:21:32.457976,qbittorrent-app-1,ugreen/qbittorrent:v1,3.3682999999999996,4189.31640625,54.28657769282867,0,0,0.0,0.0,29
2026-04-14T20:21:43.490448,qbittorrent-app-1,ugreen/qbittorrent:v1,5.2385074626865675,4195.65625,54.368731530572056,0,0,0.0,0.0,29
2026-04-14T20:21:54.531235,qbittorrent-app-1,ugreen/qbittorrent:v1,6.82916354556804,4201.6015625,54.44577289905354,0,0,0.0,0.0,29
2026-04-14T20:22:05.558604,qbittorrent-app-1,ugreen/qbittorrent:v1,3.982155388471178,4208.21484375,54.53147003232498,0,0,0.0,0.0,29
2026-04-14T20:22:16.582635,qbittorrent-app-1,ugreen/qbittorrent:v1,2.536150943396226,4214.35546875,54.611042326183636,0,0,0.0,0.0,29
2026-04-14T20:22:27.612323,qbittorrent-app-1,ugreen/qbittorrent:v1,4.1893734335839605,4205.1015625,54.49112708181267,0,0,0.0,0.0,29
2026-04-14T20:22:38.642956,qbittorrent-app-1,ugreen/qbittorrent:v1,4.524644194756554,4211.39453125,54.57267349746553,0,0,0.0,0.0,29
2026-04-14T20:22:49.672299,qbittorrent-app-1,ugreen/qbittorrent:v1,2.4471177944862155,4216.5390625,54.63933807190055,0,0,0.0,0.0,29
2026-04-14T20:23:00.705956,qbittorrent-app-1,ugreen/qbittorrent:v1,2.3114680050188205,4207.875,54.52706622216867,0,0,0.0,0.0,27
2026-04-14T20:23:11.727370,qbittorrent-app-1,ugreen/qbittorrent:v1,5.790661672908864,4214.35546875,54.611042326183636,0,0,0.0,0.0,27
2026-04-14T20:23:22.758323,qbittorrent-app-1,ugreen/qbittorrent:v1,7.014468085106383,4220.25390625,54.687476272574585,0,0,0.0,0.0,27
2026-04-14T20:23:33.784027,qbittorrent-app-1,ugreen/qbittorrent:v1,6.4216999999999995,4226.78125,54.772059798680075,0,0,0.0,0.0,27
2026-04-14T20:23:44.813438,qbittorrent-app-1,ugreen/qbittorrent:v1,4.830552763819095,4217.17578125,54.647588888630175,0,0,0.0,0.0,27
2026-04-14T20:23:55.852150,qbittorrent-app-1,ugreen/qbittorrent:v1,5.2048060075093865,4224.16015625,54.73809478011826,0,0,0.0,0.0,27
2026-04-14T20:24:06.882272,qbittorrent-app-1,ugreen/qbittorrent:v1,4.666666666666667,4230.26953125,54.81726212591658,0,0,0.0,0.0,25
2026-04-14T20:24:17.909215,qbittorrent-app-1,ugreen/qbittorrent:v1,5.423157894736843,4229.078125,54.801823481115754,0,0,0.0,0.0,28
2026-04-14T20:24:28.943116,qbittorrent-app-1,ugreen/qbittorrent:v1,6.214943396226415,4237.28515625,54.90817296546502,0,0,0.0,0.0,28
2026-04-14T20:24:39.970338,qbittorrent-app-1,ugreen/qbittorrent:v1,3.210972568578554,4244.28515625,54.99888133098329,0,0,0.0,0.0,28
2026-04-14T20:24:50.999329,qbittorrent-app-1,ugreen/qbittorrent:v1,6.127578419071518,4251.36328125,55.09060206665243,0,0,0.0,0.0,28
2026-04-14T20:25:02.034370,qbittorrent-app-1,ugreen/qbittorrent:v1,7.9411,4247.609375,55.041957680902954,0,0,0.0,0.0,28
2026-04-14T20:25:13.057250,qbittorrent-app-1,ugreen/qbittorrent:v1,7.211113892365457,4255.2734375,55.14127119270364,0,0,0.0,0.0,28
2026-04-14T20:25:24.087821,qbittorrent-app-1,ugreen/qbittorrent:v1,5.787603513174404,4260.390625,55.20758143758586,0,0,0.0,0.0,28
2026-04-14T20:25:35.120581,qbittorrent-app-1,ugreen/qbittorrent:v1,3.0655680399500627,4238.91015625,54.92923026460319,0,0,0.0,0.0,28
2026-04-14T20:25:46.147056,qbittorrent-app-1,ugreen/qbittorrent:v1,5.2298,4245.58203125,55.015686675487785,0,0,0.0,0.0,28
2026-04-14T20:25:57.184844,qbittorrent-app-1,ugreen/qbittorrent:v1,2.8025094102885824,4250.58984375,55.08057960215878,0,0,0.0,0.0,28
2026-04-14T20:26:08.216476,qbittorrent-app-1,ugreen/qbittorrent:v1,5.195187969924811,4256.109375,55.152103553317986,0,0,0.0,0.0,28
2026-04-14T20:26:19.247680,qbittorrent-app-1,ugreen/qbittorrent:v1,5.681301627033792,4262.00390625,55.2284868812014,0,0,0.0,0.0,28
2026-04-14T20:26:30.277903,qbittorrent-app-1,ugreen/qbittorrent:v1,5.172465581977472,4266.890625,55.291810634138535,0,0,0.0,0.0,28
2026-04-14T20:26:41.308463,qbittorrent-app-1,ugreen/qbittorrent:v1,6.4476807980049875,4274.80859375,55.394414348929566,0,0,0.0,0.0,28
2026-04-14T20:26:52.334491,qbittorrent-app-1,ugreen/qbittorrent:v1,6.227784730913642,4266.20703125,55.2829523953184,0,0,0.0,0.0,28
2026-04-14T20:27:03.359299,qbittorrent-app-1,ugreen/qbittorrent:v1,7.1487,4272.5234375,55.36480252201652,0,0,0.0,0.0,26
2026-04-14T20:27:14.376954,qbittorrent-app-1,ugreen/qbittorrent:v1,6.0492,4279.62890625,55.45687758723846,0,0,0.0,0.0,26
2026-04-14T20:27:25.402895,qbittorrent-app-1,ugreen/qbittorrent:v1,5.301872659176031,4285.44140625,55.53219792646345,0,0,0.0,0.0,26
2026-04-14T20:27:36.431472,qbittorrent-app-1,ugreen/qbittorrent:v1,4.359250936329588,4271.47265625,55.351186143487276,0,0,0.0,0.0,29
2026-04-14T20:27:47.463306,qbittorrent-app-1,ugreen/qbittorrent:v1,2.3890726817042607,4279.52734375,55.45556150604233,0,0,0.0,0.0,29
2026-04-14T20:27:58.488411,qbittorrent-app-1,ugreen/qbittorrent:v1,4.7092,4286.04296875,55.53999317662518,0,0,0.0,0.0,29
2026-04-14T20:28:09.511614,qbittorrent-app-1,ugreen/qbittorrent:v1,4.599201995012469,4219.36328125,54.675935252854636,0,0,0.0,0.0,29
2026-04-14T20:28:20.538413,qbittorrent-app-1,ugreen/qbittorrent:v1,3.5215000000000005,4224.5078125,54.74259982728965,0,0,0.0,0.0,29
2026-04-14T20:28:31.571907,qbittorrent-app-1,ugreen/qbittorrent:v1,2.6142,4229.4765625,54.80698656888521,0,0,0.0,0.0,29
2026-04-14T20:28:42.594655,qbittorrent-app-1,ugreen/qbittorrent:v1,4.011944792973651,4230.7109375,54.822982017269005,0,0,0.0,0.0,29
2026-04-14T20:28:53.624593,qbittorrent-app-1,ugreen/qbittorrent:v1,3.933651191969887,4235.47265625,54.88468597796475,0,0,0.0,0.0,29
2026-04-14T20:29:04.648117,qbittorrent-app-1,ugreen/qbittorrent:v1,1.7919999999999998,4240.5078125,54.94993323418855,0,0,0.0,0.0,26
2026-04-14T20:29:15.668094,qbittorrent-app-1,ugreen/qbittorrent:v1,5.920299625468164,4245.71875,55.01745832325181,0,0,0.0,0.0,28
2026-04-14T20:29:26.694169,qbittorrent-app-1,ugreen/qbittorrent:v1,4.093550815558344,4251.20703125,55.08857732635067,0,0,0.0,0.0,28
2026-04-14T20:29:37.715295,qbittorrent-app-1,ugreen/qbittorrent:v1,5.7741,4256.71875,55.16000004049481,0,0,0.0,0.0,28
2026-04-14T20:29:48.736651,qbittorrent-app-1,ugreen/qbittorrent:v1,6.068927680798005,4262.17578125,55.230714095533315,0,0,0.0,0.0,28
2026-04-14T20:29:59.758876,qbittorrent-app-1,ugreen/qbittorrent:v1,5.057135740971357,4267.79296875,55.30350350938112,0,0,0.0,0.0,28
2026-04-14T20:30:10.780080,qbittorrent-app-1,ugreen/qbittorrent:v1,5.3511332503113325,4268.43359375,55.311804944618295,0,0,0.0,0.0,28
2026-04-14T20:30:21.803272,qbittorrent-app-1,ugreen/qbittorrent:v1,2.705882352941176,4266.59765625,55.288014246072755,0,0,0.0,0.0,28
2026-04-14T20:30:32.830470,qbittorrent-app-1,ugreen/qbittorrent:v1,4.918805970149254,4272.3515625,55.3625753076846,0,0,0.0,0.0,28
2026-04-14T20:30:43.850482,qbittorrent-app-1,ugreen/qbittorrent:v1,5.973969849246232,4278.33203125,55.44007224273396,0,0,0.0,0.0,28
2026-04-14T20:30:54.874327,qbittorrent-app-1,ugreen/qbittorrent:v1,5.384452830188679,4279.71484375,55.457991194404435,0,0,0.0,0.0,28
2026-04-14T20:31:05.900300,qbittorrent-app-1,ugreen/qbittorrent:v1,8.370736579275905,4271.0390625,55.34556748914993,0,0,0.0,0.0,27
2026-04-14T20:31:16.923554,qbittorrent-app-1,ugreen/qbittorrent:v1,2.4505,4277.20703125,55.42549411256139,0,0,0.0,0.0,27
2026-04-14T20:31:27.946015,qbittorrent-app-1,ugreen/qbittorrent:v1,6.990938673341677,4272.390625,55.36308149276004,0,0,0.0,0.0,27
2026-04-14T20:31:38.970112,qbittorrent-app-1,ugreen/qbittorrent:v1,5.534364089775561,4279.08984375,55.44989223319744,0,0,0.0,0.0,27
2026-04-14T20:31:49.990630,qbittorrent-app-1,ugreen/qbittorrent:v1,3.7255137844611528,4285.11328125,55.52794597182979,0,0,0.0,0.0,27
2026-04-14T20:32:01.012389,qbittorrent-app-1,ugreen/qbittorrent:v1,6.483,4274.55078125,55.391073527431686,0,0,0.0,0.0,27
2026-04-14T20:32:12.035969,qbittorrent-app-1,ugreen/qbittorrent:v1,7.187083854818523,4281.58203125,55.482186841010304,0,0,0.0,0.0,27
2026-04-14T20:32:23.057396,qbittorrent-app-1,ugreen/qbittorrent:v1,5.64612702366127,4288.296875,55.569200055477886,0,0,0.0,0.0,27
2026-04-14T20:32:34.082623,qbittorrent-app-1,ugreen/qbittorrent:v1,5.674693366708385,4289.0703125,55.57922251997153,0,0,0.0,0.0,27
2026-04-14T20:32:45.107241,qbittorrent-app-1,ugreen/qbittorrent:v1,4.51719298245614,4294.23828125,55.64619080545181,0,0,0.0,0.0,27
2026-04-14T20:32:56.135181,qbittorrent-app-1,ugreen/qbittorrent:v1,3.8088220551378447,4300.15234375,55.72282722587294,0,0,0.0,0.0,27
2026-04-14T20:33:07.153252,qbittorrent-app-1,ugreen/qbittorrent:v1,2.2686072772898367,4279.87109375,55.46001593470618,0,0,0.0,0.0,25
2026-04-14T20:33:18.182694,qbittorrent-app-1,ugreen/qbittorrent:v1,3.816741854636591,4285.23046875,55.52946452705609,0,0,0.0,0.0,25
2026-04-14T20:33:29.209669,qbittorrent-app-1,ugreen/qbittorrent:v1,4.955994993742178,4290.23046875,55.594256216712004,0,0,0.0,0.0,25
2026-04-14T20:33:40.232363,qbittorrent-app-1,ugreen/qbittorrent:v1,2.3113432835820893,4295.890625,55.66760243414279,0,0,0.0,0.0,25
2026-04-14T20:33:51.253553,qbittorrent-app-1,ugreen/qbittorrent:v1,6.486215538847118,4301.8359375,55.74464380262426,0,0,0.0,0.0,26
2026-04-14T20:34:02.276436,qbittorrent-app-1,ugreen/qbittorrent:v1,3.2514000000000003,4298.57421875,55.702377348825294,0,0,0.0,0.0,29
2026-04-14T20:34:13.298292,qbittorrent-app-1,ugreen/qbittorrent:v1,5.835572327044025,4304.49609375,55.77911500626151,0,0,0.0,0.0,29
2026-04-14T20:34:24.321350,qbittorrent-app-1,ugreen/qbittorrent:v1,6.291542288557214,4296.84765625,55.680003968490986,0,0,0.0,0.0,29
2026-04-14T20:34:35.346928,qbittorrent-app-1,ugreen/qbittorrent:v1,6.042205513784461,4302.859375,55.75790585160071,0,0,0.0,0.0,29
2026-04-14T20:34:46.367301,qbittorrent-app-1,ugreen/qbittorrent:v1,3.8581681304893354,4307.19921875,55.81414301348173,0,0,0.0,0.0,29
2026-04-14T20:34:57.387309,qbittorrent-app-1,ugreen/qbittorrent:v1,7.264221105527638,4312.5859375,55.88394593538446,0,0,0.0,0.0,29
2026-04-14T20:35:08.411929,qbittorrent-app-1,ugreen/qbittorrent:v1,5.466566037735849,4298.03515625,55.69539199478427,0,0,0.0,0.0,27
2026-04-14T20:35:19.435108,qbittorrent-app-1,ugreen/qbittorrent:v1,4.684255319148936,4302.9921875,55.75962688085719,0,0,0.0,0.0,27
2026-04-14T20:35:30.461167,qbittorrent-app-1,ugreen/qbittorrent:v1,5.176170212765958,4310.46484375,55.85646008578825,0,0,0.0,0.0,29
2026-04-14T20:35:41.486648,qbittorrent-app-1,ugreen/qbittorrent:v1,3.2689862327909887,4316.9296875,55.94023371577303,0,0,0.0,0.0,29
2026-04-14T20:35:52.509971,qbittorrent-app-1,ugreen/qbittorrent:v1,4.8218,4317.25,55.94438443339161,0,0,0.0,0.0,29
2026-04-14T20:36:03.537657,qbittorrent-app-1,ugreen/qbittorrent:v1,5.1393,4323.66796875,56.02755064128587,0,0,0.0,0.0,29
2026-04-14T20:36:14.564922,qbittorrent-app-1,ugreen/qbittorrent:v1,4.570786516853933,4330.98828125,56.12240972442272,0,0,0.0,0.0,29
2026-04-14T20:36:25.591838,qbittorrent-app-1,ugreen/qbittorrent:v1,5.932880503144654,4338.140625,56.2150922117352,0,0,0.0,0.0,29
2026-04-14T20:36:36.616322,qbittorrent-app-1,ugreen/qbittorrent:v1,4.357658779576588,4335.28125,56.17803946421323,0,0,0.0,0.0,29
2026-04-14T20:36:47.642897,qbittorrent-app-1,ugreen/qbittorrent:v1,5.3178947368421055,4343.07421875,56.27902338676286,0,0,0.0,0.0,29
2026-04-14T20:36:58.670626,qbittorrent-app-1,ugreen/qbittorrent:v1,6.898852867830424,4322.1953125,56.008467463941905,0,0,0.0,0.0,29
2026-04-14T20:37:09.700074,qbittorrent-app-1,ugreen/qbittorrent:v1,7.5051256281407035,4328.96875,56.09623995602264,0,0,0.0,0.0,29
2026-04-14T20:37:20.731899,qbittorrent-app-1,ugreen/qbittorrent:v1,5.235944931163955,4335.1796875,56.17672338301709,0,0,0.0,0.0,29
2026-04-14T20:37:31.760342,qbittorrent-app-1,ugreen/qbittorrent:v1,5.629849246231156,4342.6875,56.27401215451603,0,0,0.0,0.0,29
2026-04-14T20:37:42.782734,qbittorrent-app-1,ugreen/qbittorrent:v1,5.0705093167701865,4344.078125,56.29203234320158,0,0,0.0,0.0,29
2026-04-14T20:37:53.808157,qbittorrent-app-1,ugreen/qbittorrent:v1,3.544360902255639,4350.79296875,56.37904555766916,0,0,0.0,0.0,29
2026-04-14T20:38:04.830671,qbittorrent-app-1,ugreen/qbittorrent:v1,6.667734668335419,4337.546875,56.20739819858856,0,0,0.0,0.0,26
2026-04-14T20:38:15.854423,qbittorrent-app-1,ugreen/qbittorrent:v1,3.1635544430538176,4345.1640625,56.30610428829872,0,0,0.0,0.0,29
2026-04-14T20:38:26.879053,qbittorrent-app-1,ugreen/qbittorrent:v1,5.601408805031446,4350.25390625,56.37206020362812,0,0,0.0,0.0,29
2026-04-14T20:38:37.901410,qbittorrent-app-1,ugreen/qbittorrent:v1,5.7605992509363295,4355.74609375,56.44322982523454,0,0,0.0,0.0,29
2026-04-14T20:38:48.924400,qbittorrent-app-1,ugreen/qbittorrent:v1,5.628836045056321,4332.83984375,56.146402896998424,0,0,0.0,0.0,29
2026-04-14T20:38:59.948725,qbittorrent-app-1,ugreen/qbittorrent:v1,5.478387909319899,4338.1875,56.21569963382571,0,0,0.0,0.0,29
2026-04-14T20:39:10.970490,qbittorrent-app-1,ugreen/qbittorrent:v1,5.993984962406015,4343.47265625,56.284186474532305,0,0,0.0,0.0,29
2026-04-14T20:39:21.996061,qbittorrent-app-1,ugreen/qbittorrent:v1,5.085970149253732,4349.29296875,56.359608050772394,0,0,0.0,0.0,29
2026-04-14T20:39:33.024026,qbittorrent-app-1,ugreen/qbittorrent:v1,3.0301754385964914,4354.46484375,56.426626954760216,0,0,0.0,0.0,29
2026-04-14T20:39:44.062758,qbittorrent-app-1,ugreen/qbittorrent:v1,5.764494382022471,4328.1796875,56.086015017498816,0,0,0.0,0.0,29
2026-04-14T20:39:55.093351,qbittorrent-app-1,ugreen/qbittorrent:v1,4.3628,4333.7578125,56.15829824627119,0,0,0.0,0.0,29
2026-04-14T20:40:06.120599,qbittorrent-app-1,ugreen/qbittorrent:v1,4.3722961104140525,4339.015625,56.22643075742497,0,0,0.0,0.0,25
2026-04-14T20:40:17.148039,qbittorrent-app-1,ugreen/qbittorrent:v1,4.121604010025063,4344.15234375,56.29299409484491,0,0,0.0,0.0,25
2026-04-14T20:40:28.176952,qbittorrent-app-1,ugreen/qbittorrent:v1,3.5012468827930174,4349.6015625,56.363606912868335,0,0,0.0,0.0,25
2026-04-14T20:40:39.206459,qbittorrent-app-1,ugreen/qbittorrent:v1,5.274887218045113,4354.6328125,56.4288035505846,0,0,0.0,0.0,25
2026-04-14T20:40:50.234239,qbittorrent-app-1,ugreen/qbittorrent:v1,4.5732165206508135,4359.953125,56.49774595785908,0,0,0.0,0.0,25
2026-04-14T20:41:01.262719,qbittorrent-app-1,ugreen/qbittorrent:v1,5.53936948297604,4348.78125,56.352977026284165,0,0,0.0,0.0,25
2026-04-14T20:41:12.281629,qbittorrent-app-1,ugreen/qbittorrent:v1,4.395583437892095,4354.359375,56.42526025505653,0,0,0.0,0.0,27
2026-04-14T20:41:23.303852,qbittorrent-app-1,ugreen/qbittorrent:v1,3.2134000000000005,4359.00390625,56.48544566052597,0,0,0.0,0.0,27
2026-04-14T20:41:34.332553,qbittorrent-app-1,ugreen/qbittorrent:v1,4.384159402241594,4363.890625,56.548769413463106,0,0,0.0,0.0,27
2026-04-14T20:41:45.361326,qbittorrent-app-1,ugreen/qbittorrent:v1,4.494472361809045,4369.58203125,56.62252057895424,0,0,0.0,0.0,27
2026-04-14T20:41:56.390815,qbittorrent-app-1,ugreen/qbittorrent:v1,4.4733083645443195,4375.6328125,56.70092864713939,0,0,0.0,0.0,27
2026-04-14T20:42:07.414732,qbittorrent-app-1,ugreen/qbittorrent:v1,5.2256359102244385,4357.16796875,56.461654961980436,0,0,0.0,0.0,27
2026-04-14T20:42:18.446351,qbittorrent-app-1,ugreen/qbittorrent:v1,4.823850931677018,4362.96484375,56.536772827175255,0,0,0.0,0.0,28
2026-04-14T20:42:29.474155,qbittorrent-app-1,ugreen/qbittorrent:v1,5.5188044831880445,4368.3203125,56.60617080101763,0,0,0.0,0.0,28
2026-04-14T20:42:40.507666,qbittorrent-app-1,ugreen/qbittorrent:v1,5.084843945068664,4373.58203125,56.67435393067897,0,0,0.0,0.0,29
2026-04-14T20:42:51.530364,qbittorrent-app-1,ugreen/qbittorrent:v1,1.442903629536921,4355.05859375,56.43432096790686,0,0,0.0,0.0,29
2026-04-14T20:43:02.558539,qbittorrent-app-1,ugreen/qbittorrent:v1,3.7905381727158947,4360.5703125,56.505743682050976,0,0,0.0,0.0,29
2026-04-14T20:43:13.582998,qbittorrent-app-1,ugreen/qbittorrent:v1,2.20314606741573,4365.0625,56.563954965726204,0,0,0.0,0.0,29
2026-04-14T20:43:24.604557,qbittorrent-app-1,ugreen/qbittorrent:v1,3.9819225967540577,4371.39453125,56.6460075664545,0,0,0.0,0.0,29
2026-04-14T20:43:35.627832,qbittorrent-app-1,ugreen/qbittorrent:v1,7.305728643216081,4377.0625,56.71945502090038,0,0,0.0,0.0,29
2026-04-14T20:43:46.650977,qbittorrent-app-1,ugreen/qbittorrent:v1,5.20630788485607,4382.5625,56.79072587952187,0,0,0.0,0.0,29
2026-04-14T20:43:57.672603,qbittorrent-app-1,ugreen/qbittorrent:v1,5.287117794486215,4387.7421875,56.857846020524796,0,0,0.0,0.0,29
2026-04-14T20:44:08.694308,qbittorrent-app-1,ugreen/qbittorrent:v1,5.418473091364205,4392.6015625,56.92081544390912,0,0,0.0,0.0,27
2026-04-14T20:44:19.717466,qbittorrent-app-1,ugreen/qbittorrent:v1,5.209211514392991,4398.26171875,56.994161661339916,0,0,0.0,0.0,27
2026-04-14T20:44:30.739376,qbittorrent-app-1,ugreen/qbittorrent:v1,3.998190954773869,4403.265625,57.059003969503365,0,0,0.0,0.0,27
2026-04-14T20:44:41.761085,qbittorrent-app-1,ugreen/qbittorrent:v1,10.026666666666667,4387.45703125,56.854150869474104,0,0,0.0,0.0,29
2026-04-14T20:44:52.782288,qbittorrent-app-1,ugreen/qbittorrent:v1,4.032640801001251,4393.51953125,56.93271079318188,0,0,0.0,0.0,29
2026-04-14T20:45:03.803503,qbittorrent-app-1,ugreen/qbittorrent:v1,5.110588235294117,4398.5859375,56.99836299746603,0,0,0.0,0.0,30
2026-04-14T20:45:14.827330,qbittorrent-app-1,ugreen/qbittorrent:v1,4.8415037593984955,4404.48828125,57.074847562364525,0,0,0.0,0.0,29
2026-04-14T20:45:25.851805,qbittorrent-app-1,ugreen/qbittorrent:v1,6.6992220828105395,4409.2421875,57.13645028604518,0,0,0.0,0.0,29
2026-04-14T20:45:36.875122,qbittorrent-app-1,ugreen/qbittorrent:v1,4.621329987452948,4397.61328125,56.985758989087664,0,0,0.0,0.0,29
2026-04-14T20:45:47.898524,qbittorrent-app-1,ugreen/qbittorrent:v1,8.280904522613065,4402.7734375,57.052626037552855,0,0,0.0,0.0,29
2026-04-14T20:45:58.923556,qbittorrent-app-1,ugreen/qbittorrent:v1,2.873707865168539,4408.609375,57.128250087823105,0,0,0.0,0.0,28
2026-04-14T20:46:09.945535,qbittorrent-app-1,ugreen/qbittorrent:v1,5.738300000000001,4414.01171875,57.198255483756014,0,0,0.0,0.0,28
2026-04-14T20:46:20.967274,qbittorrent-app-1,ugreen/qbittorrent:v1,5.7062,4393.95703125,56.93838006602678,0,0,0.0,0.0,28
2026-04-14T20:46:31.988801,qbittorrent-app-1,ugreen/qbittorrent:v1,5.576180904522613,4399.30078125,57.00762618434653,0,0,0.0,0.0,28
2026-04-14T20:46:43.009908,qbittorrent-app-1,ugreen/qbittorrent:v1,3.3118000000000003,4404.0234375,57.06882395996683,0,0,0.0,0.0,28
2026-04-14T20:46:54.031185,qbittorrent-app-1,ugreen/qbittorrent:v1,5.087396226415095,4409.890625,57.144852958297434,0,0,0.0,0.0,29
2026-04-14T20:47:05.050715,qbittorrent-app-1,ugreen/qbittorrent:v1,5.646724782067248,4414.84375,57.209037225862815,0,0,0.0,0.0,29
2026-04-14T20:47:16.070920,qbittorrent-app-1,ugreen/qbittorrent:v1,4.2559198998748435,4401.00390625,57.02969585363557,0,0,0.0,0.0,29
2026-04-14T20:47:27.092498,qbittorrent-app-1,ugreen/qbittorrent:v1,2.4334000000000002,4406.71875,57.103750730171974,0,0,0.0,0.0,29
2026-04-14T20:47:38.114911,qbittorrent-app-1,ugreen/qbittorrent:v1,4.4284,4412.2265625,57.17512282580856,0,0,0.0,0.0,29
2026-04-14T20:47:49.140300,qbittorrent-app-1,ugreen/qbittorrent:v1,4.432894409937888,4417.2578125,57.24031946352481,0,0,0.0,0.0,29
2026-04-14T20:48:00.166578,qbittorrent-app-1,ugreen/qbittorrent:v1,4.62828535669587,4422.859375,57.312906403342446,0,0,0.0,0.0,29
2026-04-14T20:48:11.189323,qbittorrent-app-1,ugreen/qbittorrent:v1,5.195305867665418,4400.48828125,57.02301421063981,0,0,0.0,0.0,29
2026-04-14T20:48:22.214417,qbittorrent-app-1,ugreen/qbittorrent:v1,4.626783479349187,4406.1171875,57.09595548001024,0,0,0.0,0.0,29
2026-04-14T20:48:33.237738,qbittorrent-app-1,ugreen/qbittorrent:v1,0.5047690387016229,4410.38671875,57.15128150875548,0,0,0.0,0.0,29
2026-04-14T20:48:44.259107,qbittorrent-app-1,ugreen/qbittorrent:v1,0.132334581772784,4411.33984375,57.163632424596145,0,0,0.0,0.0,29
2026-04-14T20:48:55.283809,qbittorrent-app-1,ugreen/qbittorrent:v1,6.394613466334165,4414.4140625,57.20346919003302,0,0,0.0,0.0,29
2026-04-14T20:49:06.306437,qbittorrent-app-1,ugreen/qbittorrent:v1,5.468571428571429,4419.76953125,57.2728671638754,0,0,0.0,0.0,27
2026-04-14T20:49:17.328389,qbittorrent-app-1,ugreen/qbittorrent:v1,5.699750623441396,4425.26171875,57.3440367854818,0,0,0.0,0.0,27
2026-04-14T20:49:28.347940,qbittorrent-app-1,ugreen/qbittorrent:v1,5.370872817955112,4430.7578125,57.41525702559576,0,0,0.0,0.0,27
2026-04-14T20:49:39.367931,qbittorrent-app-1,ugreen/qbittorrent:v1,3.092434456928839,4435.80078125,57.480605518834636,0,0,0.0,0.0,27
2026-04-14T20:49:50.395530,qbittorrent-app-1,ugreen/qbittorrent:v1,5.21622027534418,4440.65625,57.543524323711424,0,0,0.0,0.0,27
2026-04-14T20:50:01.416553,qbittorrent-app-1,ugreen/qbittorrent:v1,3.6684,4438.21484375,57.51188775649663,0,0,0.0,0.0,29
2026-04-14T20:50:12.436402,qbittorrent-app-1,ugreen/qbittorrent:v1,5.3000250312891115,4442.8984375,57.5725793470415,0,0,0.0,0.0,29
2026-04-14T20:50:23.455405,qbittorrent-app-1,ugreen/qbittorrent:v1,2.463659147869674,4448.515625,57.645368760889305,0,0,0.0,0.0,29
2026-04-14T20:50:34.474324,qbittorrent-app-1,ugreen/qbittorrent:v1,4.5669,4454.546875,57.72352373653674,0,0,0.0,0.0,29
2026-04-14T20:50:45.493330,qbittorrent-app-1,ugreen/qbittorrent:v1,4.969335006273526,4438.88671875,57.52059413979415,0,0,0.0,0.0,29
2026-04-14T20:50:56.513094,qbittorrent-app-1,ugreen/qbittorrent:v1,5.28572864321608,4443.96484375,57.58639819960092,0,0,0.0,0.0,29
2026-04-14T20:51:07.533219,qbittorrent-app-1,ugreen/qbittorrent:v1,5.649045226130654,4449.91015625,57.663439568082396,0,0,0.0,0.0,26
2026-04-14T20:51:18.553650,qbittorrent-app-1,ugreen/qbittorrent:v1,2.794392991239049,4454.7109375,57.72564971385358,0,0,0.0,0.0,27
2026-04-14T20:51:29.574522,qbittorrent-app-1,ugreen/qbittorrent:v1,5.17296343001261,4460.796875,57.804513348606626,0,0,0.0,0.0,27
2026-04-14T20:51:40.596080,qbittorrent-app-1,ugreen/qbittorrent:v1,2.683819095477387,4466.171875,57.874164414986716,0,0,0.0,0.0,27
2026-04-14T20:51:51.615086,qbittorrent-app-1,ugreen/qbittorrent:v1,4.1018726591760295,4454.1484375,57.71836064876729,0,0,0.0,0.0,27
2026-04-14T20:52:02.640651,qbittorrent-app-1,ugreen/qbittorrent:v1,6.971342534504392,4459.578125,57.788720374253,0,0,0.0,0.0,29
2026-04-14T20:52:13.670650,qbittorrent-app-1,ugreen/qbittorrent:v1,1.6183312577833127,4465.41015625,57.86429380601571,0,0,0.0,0.0,29
2026-04-14T20:52:24.692651,qbittorrent-app-1,ugreen/qbittorrent:v1,3.714629861982434,4471.34765625,57.941233937482096,0,0,0.0,0.0,29
2026-04-14T20:52:35.711770,qbittorrent-app-1,ugreen/qbittorrent:v1,4.569088639200999,4476.41015625,58.006835523258694,0,0,0.0,0.0,29
2026-04-14T20:52:46.735138,qbittorrent-app-1,ugreen/qbittorrent:v1,6.2903,4460.1484375,57.796110676354374,0,0,0.0,0.0,29
2026-04-14T20:52:57.756022,qbittorrent-app-1,ugreen/qbittorrent:v1,3.959447929736512,4465.58203125,57.866521020347626,0,0,0.0,0.0,29
2026-04-14T20:53:08.775581,qbittorrent-app-1,ugreen/qbittorrent:v1,3.6490062893081756,4439.9765625,57.53471670339883,0,0,0.0,0.0,28
2026-04-14T20:53:19.793446,qbittorrent-app-1,ugreen/qbittorrent:v1,5.536963613550816,4445.5,57.606291273065594,0,0,0.0,0.0,28
2026-04-14T20:53:30.813981,qbittorrent-app-1,ugreen/qbittorrent:v1,6.264360902255639,4450.734375,57.674120073174116,0,0,0.0,0.0,28
2026-04-14T20:53:41.835296,qbittorrent-app-1,ugreen/qbittorrent:v1,0.5095369211514392,4455.33984375,57.73379929356811,0,0,0.0,0.0,28
2026-04-14T20:53:52.855162,qbittorrent-app-1,ugreen/qbittorrent:v1,3.454436090225564,4459.04296875,57.78178563871952,0,0,0.0,0.0,28
2026-04-14T20:54:03.878888,qbittorrent-app-1,ugreen/qbittorrent:v1,4.793174404015057,4463.7109375,57.8422747552342,0,0,0.0,0.0,27
2026-04-14T20:54:14.899190,qbittorrent-app-1,ugreen/qbittorrent:v1,3.4036637390213302,4469.15234375,57.91278633624255,0,0,0.0,0.0,27
2026-04-14T20:54:25.918459,qbittorrent-app-1,ugreen/qbittorrent:v1,6.970639899623589,4474.5390625,57.98258925814528,0,0,0.0,0.0,27
2026-04-14T20:54:36.936190,qbittorrent-app-1,ugreen/qbittorrent:v1,2.368883312421581,4479.75,58.050114347208535,0,0,0.0,0.0,27
2026-04-14T20:54:47.960823,qbittorrent-app-1,ugreen/qbittorrent:v1,4.8200501253132835,4485.42578125,58.123663038669505,0,0,0.0,0.0,27
2026-04-14T20:54:58.983397,qbittorrent-app-1,ugreen/qbittorrent:v1,5.983051702395965,4491.078125,58.1969080190852,0,0,0.0,0.0,25
2026-04-14T20:55:10.002126,qbittorrent-app-1,ugreen/qbittorrent:v1,3.318252184769039,4495.828125,58.25846012425831,0,0,0.0,0.0,25
2026-04-14T20:55:21.023445,qbittorrent-app-1,ugreen/qbittorrent:v1,4.931228070175439,4490.9375,58.195085752813625,0,0,0.0,0.0,29
2026-04-14T20:55:32.044196,qbittorrent-app-1,ugreen/qbittorrent:v1,4.265263157894736,4496.58203125,58.26822949621424,0,0,0.0,0.0,29
2026-04-14T20:55:43.066655,qbittorrent-app-1,ugreen/qbittorrent:v1,3.9273815461346633,4502.1015625,58.339753447373454,0,0,0.0,0.0,29
2026-04-14T20:55:54.087841,qbittorrent-app-1,ugreen/qbittorrent:v1,4.007000000000001,4507.18359375,58.40560812568778,0,0,0.0,0.0,29
2026-04-14T20:56:05.110873,qbittorrent-app-1,ugreen/qbittorrent:v1,5.069236545682103,4512.0546875,58.46872940459475,0,0,0.0,0.0,29
2026-04-14T20:56:16.131994,qbittorrent-app-1,ugreen/qbittorrent:v1,1.966072772898369,4502.60546875,58.34628323484659,0,0,0.0,0.0,29
2026-04-14T20:56:27.153148,qbittorrent-app-1,ugreen/qbittorrent:v1,5.14342928660826,4507.97265625,58.4158330642116,0,0,0.0,0.0,29
2026-04-14T20:56:38.173777,qbittorrent-app-1,ugreen/qbittorrent:v1,5.2928274173806615,4513.60546875,58.48882495208958,0,0,0.0,0.0,29
2026-04-14T20:56:49.212859,qbittorrent-app-1,ugreen/qbittorrent:v1,5.2348,4518.88671875,58.557261174288634,0,0,0.0,0.0,29
2026-04-14T20:57:00.240585,qbittorrent-app-1,ugreen/qbittorrent:v1,4.8529662077597,4524.640625,58.631822235900465,0,0,0.0,0.0,26
2026-04-14T20:57:11.264222,qbittorrent-app-1,ugreen/qbittorrent:v1,6.2829611041405276,4530.95703125,58.71367236259859,0,0,0.0,0.0,26
2026-04-14T20:57:22.286748,qbittorrent-app-1,ugreen/qbittorrent:v1,5.8033,4527.26171875,58.66578725446227,0,0,0.0,0.0,26
2026-04-14T20:57:33.307749,qbittorrent-app-1,ugreen/qbittorrent:v1,6.824824120603015,4533.16015625,58.74222120085323,0,0,0.0,0.0,26
2026-04-14T20:57:44.329447,qbittorrent-app-1,ugreen/qbittorrent:v1,4.573048933500627,4539.03515625,58.81835143619891,0,0,0.0,0.0,26
2026-04-14T20:57:55.351660,qbittorrent-app-1,ugreen/qbittorrent:v1,4.969122807017544,4539.953125,58.83024678547167,0,0,0.0,0.0,28
2026-04-14T20:58:06.371000,qbittorrent-app-1,ugreen/qbittorrent:v1,5.467133917396746,4545.72265625,58.90501032111369,0,0,0.0,0.0,28
2026-04-14T20:58:17.391256,qbittorrent-app-1,ugreen/qbittorrent:v1,4.282311557788945,4550.71875,58.96975139226205,0,0,0.0,0.0,28
2026-04-14T20:58:28.411621,qbittorrent-app-1,ugreen/qbittorrent:v1,5.190511860174782,4505.45703125,58.38323474535348,0,0,0.0,0.0,28
2026-04-14T20:58:39.437021,qbittorrent-app-1,ugreen/qbittorrent:v1,7.246215538847117,4511.48046875,58.46128848398582,0,0,0.0,0.0,28
2026-04-14T20:58:50.459647,qbittorrent-app-1,ugreen/qbittorrent:v1,4.362553191489361,4516.00390625,58.5199047157214,0,0,0.0,0.0,28
2026-04-14T20:59:01.481479,qbittorrent-app-1,ugreen/qbittorrent:v1,4.719798742138365,4521.87890625,58.59603495106709,0,0,0.0,0.0,27
2026-04-14T20:59:12.502260,qbittorrent-app-1,ugreen/qbittorrent:v1,5.7866,4527.8828125,58.67383559716172,0,0,0.0,0.0,27
2026-04-14T20:59:23.530384,qbittorrent-app-1,ugreen/qbittorrent:v1,3.5520603015075376,4532.578125,58.73467904322922,0,0,0.0,0.0,27
2026-04-14T20:59:34.557055,qbittorrent-app-1,ugreen/qbittorrent:v1,5.415269086357948,4537.9765625,58.80463382065459,0,0,0.0,0.0,27
2026-04-14T20:59:45.575905,qbittorrent-app-1,ugreen/qbittorrent:v1,6.139597989949749,4538.1484375,58.806861034986504,0,0,0.0,0.0,27
2026-04-14T20:59:56.598184,qbittorrent-app-1,ugreen/qbittorrent:v1,2.9842302878598246,4544.5390625,58.88967291332795,0,0,0.0,0.0,27
2026-04-14T21:00:07.621854,qbittorrent-app-1,ugreen/qbittorrent:v1,4.374431960049938,4538.23046875,58.80792402364492,0,0,0.0,0.0,29
2026-04-14T21:00:18.649170,qbittorrent-app-1,ugreen/qbittorrent:v1,6.21823677581864,4543.62890625,58.87787880107028,0,0,0.0,0.0,27
2026-04-14T21:00:29.675325,qbittorrent-app-1,ugreen/qbittorrent:v1,4.417063989962359,4548.828125,58.94525203461091,0,0,0.0,0.0,27
2026-04-14T21:00:40.702433,qbittorrent-app-1,ugreen/qbittorrent:v1,6.021681304893351,4545.98046875,58.90835114261157,0,0,0.0,0.0,27
2026-04-14T21:00:51.725768,qbittorrent-app-1,ugreen/qbittorrent:v1,1.2801,4551.390625,58.97845777555957,0,0,0.0,0.0,27
2026-04-14T21:01:02.750332,qbittorrent-app-1,ugreen/qbittorrent:v1,5.773182389937107,4535.29296875,58.76985890597207,0,0,0.0,0.0,27
2026-04-14T21:01:13.773170,qbittorrent-app-1,ugreen/qbittorrent:v1,3.530387016229713,4540.046875,58.83146162965273,0,0,0.0,0.0,27
2026-04-14T21:01:24.796669,qbittorrent-app-1,ugreen/qbittorrent:v1,4.269651741293532,4546.46484375,58.91462783754699,0,0,0.0,0.0,27
2026-04-14T21:01:35.821599,qbittorrent-app-1,ugreen/qbittorrent:v1,5.8289585947302385,4551.62890625,58.98154550451973,0,0,0.0,0.0,29
2026-04-14T21:01:46.843736,qbittorrent-app-1,ugreen/qbittorrent:v1,4.048040201005025,4535.44140625,58.77178240925873,0,0,0.0,0.0,29
2026-04-14T21:01:57.863119,qbittorrent-app-1,ugreen/qbittorrent:v1,3.2928198757763973,4540.09375,58.832069051743254,0,0,0.0,0.0,29
2026-04-14T21:02:08.883522,qbittorrent-app-1,ugreen/qbittorrent:v1,4.698573216520651,4545.828125,58.90637702081737,0,0,0.0,0.0,29
2026-04-14T21:02:19.905749,qbittorrent-app-1,ugreen/qbittorrent:v1,5.634185463659148,4528.9921875,58.688211253304125,0,0,0.0,0.0,29
2026-04-14T21:02:30.927709,qbittorrent-app-1,ugreen/qbittorrent:v1,5.0834739454094295,4534.69140625,58.76206365581035,0,0,0.0,0.0,29
2026-04-14T21:02:41.947804,qbittorrent-app-1,ugreen/qbittorrent:v1,6.589499999999999,4540.23828125,58.83394193652237,0,0,0.0,0.0,29
2026-04-14T21:02:52.970300,qbittorrent-app-1,ugreen/qbittorrent:v1,4.901519302615194,4507.48828125,58.40955636927618,0,0,0.0,0.0,29
2026-04-14T21:03:03.994124,qbittorrent-app-1,ugreen/qbittorrent:v1,5.1039,4475.109375,57.98997956024665,0,0,0.0,0.0,29
2026-04-14T21:03:15.015276,qbittorrent-app-1,ugreen/qbittorrent:v1,9.433543505674653,4481.17578125,58.06859010246198,0,0,0.0,0.0,29
2026-04-14T21:03:26.036960,qbittorrent-app-1,ugreen/qbittorrent:v1,3.915678391959799,4486.26171875,58.13449539928385,0,0,0.0,0.0,29
2026-04-14T21:03:37.060286,qbittorrent-app-1,ugreen/qbittorrent:v1,7.693533834586466,4431.171875,57.420622587395385,0,0,0.0,0.0,29
2026-04-14T21:03:48.086650,qbittorrent-app-1,ugreen/qbittorrent:v1,4.6509,4437.05859375,57.496904678263704,0,0,0.0,0.0,29
2026-04-14T21:03:59.110854,qbittorrent-app-1,ugreen/qbittorrent:v1,3.2680851063829786,4442.91015625,57.57273120256413,0,0,0.0,0.0,29
2026-04-14T21:04:10.134776,qbittorrent-app-1,ugreen/qbittorrent:v1,5.9327798742138365,4448.74609375,57.648355252834385,0,0,0.0,0.0,29
2026-04-14T21:04:21.155179,qbittorrent-app-1,ugreen/qbittorrent:v1,4.222446406052963,4453.59765625,57.71122343920363,0,0,0.0,0.0,29
2026-04-14T21:04:32.176910,qbittorrent-app-1,ugreen/qbittorrent:v1,3.835884567126725,4459.10546875,57.78259553484021,0,0,0.0,0.0,29
2026-04-14T21:04:43.201134,qbittorrent-app-1,ugreen/qbittorrent:v1,5.6454705144291095,4464.84375,57.856954122421875,0,0,0.0,0.0,29
2026-04-14T21:04:54.225784,qbittorrent-app-1,ugreen/qbittorrent:v1,1.7964089775561096,4469.796875,57.921138389987256,0,0,0.0,0.0,29
2026-04-14T21:05:05.252786,qbittorrent-app-1,ugreen/qbittorrent:v1,5.482946317103621,4475.41015625,57.99387718532751,0,0,0.0,0.0,27
2026-04-14T21:05:16.275913,qbittorrent-app-1,ugreen/qbittorrent:v1,4.878699999999999,4481.38671875,58.071323501869344,0,0,0.0,0.0,27
2026-04-14T21:05:27.301891,qbittorrent-app-1,ugreen/qbittorrent:v1,5.9723383084577115,4487.74609375,58.15373043215044,0,0,0.0,0.0,27
2026-04-14T21:05:38.327819,qbittorrent-app-1,ugreen/qbittorrent:v1,5.871278195488721,4493.12109375,58.22338149853054,0,0,0.0,0.0,29
2026-04-14T21:05:49.349862,qbittorrent-app-1,ugreen/qbittorrent:v1,7.084165621079046,4477.40234375,58.01969262417479,0,0,0.0,0.0,29
2026-04-14T21:06:00.391552,qbittorrent-app-1,ugreen/qbittorrent:v1,6.079499374217772,4484.90625,58.116930777166196,0,0,0.0,0.0,28
2026-04-14T21:06:11.412942,qbittorrent-app-1,ugreen/qbittorrent:v1,7.932663316582915,4490.328125,58.18718926563682,0,0,0.0,0.0,29
2026-04-14T21:06:22.433142,qbittorrent-app-1,ugreen/qbittorrent:v1,4.869346733668341,4497.3125,58.27769515712491,0,0,0.0,0.0,29
2026-04-14T21:06:33.456158,qbittorrent-app-1,ugreen/qbittorrent:v1,4.2982,4503.5625,58.35868476919479,0,0,0.0,0.0,29
2026-04-14T21:06:44.476376,qbittorrent-app-1,ugreen/qbittorrent:v1,4.730513141426783,4507.84765625,58.414213271970205,0,0,0.0,0.0,29
2026-04-14T21:06:55.506046,qbittorrent-app-1,ugreen/qbittorrent:v1,6.476477987421384,4513.4375,58.486648356265206,0,0,0.0,0.0,29
2026-04-14T21:07:06.525896,qbittorrent-app-1,ugreen/qbittorrent:v1,3.819325842696629,4518.97265625,58.55837478145459,0,0,0.0,0.0,29
2026-04-14T21:07:17.548968,qbittorrent-app-1,ugreen/qbittorrent:v1,2.081405269761606,4524.17578125,58.62579863350277,0,0,0.0,0.0,29
2026-04-14T21:07:28.577673,qbittorrent-app-1,ugreen/qbittorrent:v1,5.8273525721455455,4438.7890625,57.519328677105555,0,0,0.0,0.0,29
2026-04-14T21:07:39.599041,qbittorrent-app-1,ugreen/qbittorrent:v1,5.469987421383648,4444.6328125,57.5950539643909,0,0,0.0,0.0,29
2026-04-14T21:07:50.619662,qbittorrent-app-1,ugreen/qbittorrent:v1,5.136720901126408,4449.73046875,57.661111116735384,0,0,0.0,0.0,29
2026-04-14T21:08:01.642456,qbittorrent-app-1,ugreen/qbittorrent:v1,6.665803237858032,4450.4296875,57.670171829585705,0,0,0.0,0.0,29
2026-04-14T21:08:12.662835,qbittorrent-app-1,ugreen/qbittorrent:v1,5.0439900249376555,4455.74609375,57.739063618352645,0,0,0.0,0.0,29
2026-04-14T21:08:23.687667,qbittorrent-app-1,ugreen/qbittorrent:v1,4.301229611041405,4461.09375,57.80836035517994,0,0,0.0,0.0,29
2026-04-14T21:08:34.711131,qbittorrent-app-1,ugreen/qbittorrent:v1,5.98694894146949,4466.890625,57.88347822037476,0,0,0.0,0.0,29
2026-04-14T21:08:45.731831,qbittorrent-app-1,ugreen/qbittorrent:v1,3.9461654135338344,4472.6015625,57.95748247840361,0,0,0.0,0.0,29
2026-04-14T21:08:56.752291,qbittorrent-app-1,ugreen/qbittorrent:v1,4.83291770573566,4479.71875,58.0497093991482,0,0,0.0,0.0,29
2026-04-14T21:09:07.775771,qbittorrent-app-1,ugreen/qbittorrent:v1,5.30958904109589,4485.24609375,58.121334587322494,0,0,0.0,0.0,26
2026-04-14T21:09:18.796782,qbittorrent-app-1,ugreen/qbittorrent:v1,4.743629536921151,4457.56640625,57.76265184286801,0,0,0.0,0.0,26
2026-04-14T21:09:29.820870,qbittorrent-app-1,ugreen/qbittorrent:v1,5.95984867591425,4452.99609375,57.70342818904191,0,0,0.0,0.0,26
2026-04-14T21:09:40.843237,qbittorrent-app-1,ugreen/qbittorrent:v1,2.5510888610763454,4457.65234375,57.763765450033965,0,0,0.0,0.0,26
2026-04-14T21:09:51.874717,qbittorrent-app-1,ugreen/qbittorrent:v1,4.292729559748428,4463.6484375,57.841464859113515,0,0,0.0,0.0,26
2026-04-14T21:10:02.901130,qbittorrent-app-1,ugreen/qbittorrent:v1,4.793807740324594,4469.046875,57.91141963653887,0,0,0.0,0.0,26
2026-04-14T21:10:13.924487,qbittorrent-app-1,ugreen/qbittorrent:v1,5.008603773584905,4474.79296875,57.98587946113562,0,0,0.0,0.0,26
2026-04-14T21:10:24.948881,qbittorrent-app-1,ugreen/qbittorrent:v1,1.6367,4478.40234375,58.03265096210597,0,0,0.0,0.0,29
2026-04-14T21:10:35.970931,qbittorrent-app-1,ugreen/qbittorrent:v1,1.460276035131744,4482.1796875,58.081599058900714,0,0,0.0,0.0,29
2026-04-14T21:10:46.992825,qbittorrent-app-1,ugreen/qbittorrent:v1,4.685025125628141,4488.4609375,58.162993619030935,0,0,0.0,0.0,29
2026-04-14T21:10:58.014026,qbittorrent-app-1,ugreen/qbittorrent:v1,0.9266583229036295,4491.8359375,58.206728009548684,0,0,0.0,0.0,29
2026-04-14T21:11:09.034455,qbittorrent-app-1,ugreen/qbittorrent:v1,0.3602490660024907,4495.56640625,58.25506868425288,0,0,0.0,0.0,29
2026-04-14T21:11:20.059096,qbittorrent-app-1,ugreen/qbittorrent:v1,2.842252816020025,4500.3359375,58.316873881963716,0,0,0.0,0.0,29
2026-04-14T21:11:31.088072,qbittorrent-app-1,ugreen/qbittorrent:v1,3.1812121212121216,4504.84765625,58.375338258176654,0,0,0.0,0.0,29
2026-04-14T21:11:42.109601,qbittorrent-app-1,ugreen/qbittorrent:v1,3.738693467336683,4509.92578125,58.44114231798344,0,0,0.0,0.0,29
2026-04-14T21:11:53.130444,qbittorrent-app-1,ugreen/qbittorrent:v1,3.5990037359900375,4515.953125,58.51924667512333,0,0,0.0,0.0,29
2026-04-14T21:12:04.151098,qbittorrent-app-1,ugreen/qbittorrent:v1,3.7020275344180225,4520.43359375,58.57730610327593,0,0,0.0,0.0,29
2026-04-14T21:12:15.178300,qbittorrent-app-1,ugreen/qbittorrent:v1,5.919799749687109,4526.27734375,58.653031390561274,0,0,0.0,0.0,29
2026-04-14T21:12:26.197935,qbittorrent-app-1,ugreen/qbittorrent:v1,3.9232160804020104,4530.96484375,58.71377359961368,0,0,0.0,0.0,29
2026-04-14T21:12:37.218860,qbittorrent-app-1,ugreen/qbittorrent:v1,4.454700000000001,4535.6875,58.77497137523399,0,0,0.0,0.0,29
2026-04-14T21:12:48.235695,qbittorrent-app-1,ugreen/qbittorrent:v1,5.545796737766625,4520.33203125,58.57599002207979,0,0,0.0,0.0,29
2026-04-14T21:12:59.254736,qbittorrent-app-1,ugreen/qbittorrent:v1,4.609924812030075,4525.80078125,58.64685593264094,0,0,0.0,0.0,26
2026-04-14T21:13:10.278913,qbittorrent-app-1,ugreen/qbittorrent:v1,5.110888610763455,4530.89453125,58.71286246647789,0,0,0.0,0.0,29
2026-04-14T21:13:21.299837,qbittorrent-app-1,ugreen/qbittorrent:v1,4.53088161209068,4518.39453125,58.550883242338124,0,0,0.0,0.0,29
2026-04-14T21:13:32.321613,qbittorrent-app-1,ugreen/qbittorrent:v1,5.72463476070529,4523.0703125,58.61147359586791,0,0,0.0,0.0,29
2026-04-14T21:13:43.343686,qbittorrent-app-1,ugreen/qbittorrent:v1,5.127809762202753,4527.90625,58.67413930820698,0,0,0.0,0.0,29
2026-04-14T21:13:54.369130,qbittorrent-app-1,ugreen/qbittorrent:v1,5.463171036204744,4533.60546875,58.74799171071321,0,0,0.0,0.0,29
2026-04-14T21:14:05.390682,qbittorrent-app-1,ugreen/qbittorrent:v1,4.1208,4533.56640625,58.747485525637764,0,0,0.0,0.0,29
2026-04-14T21:14:16.413921,qbittorrent-app-1,ugreen/qbittorrent:v1,4.159297365119197,4538.48046875,58.811163608127714,0,0,0.0,0.0,29
2026-04-14T21:14:27.435351,qbittorrent-app-1,ugreen/qbittorrent:v1,4.149473684210527,4503.21484375,58.3541797220234,0,0,0.0,0.0,29
2026-04-14T21:14:38.456501,qbittorrent-app-1,ugreen/qbittorrent:v1,5.633324968632372,4510.046875,58.44271149171729,0,0,0.0,0.0,29
2026-04-14T21:14:49.481116,qbittorrent-app-1,ugreen/qbittorrent:v1,2.6044,4516.83203125,58.53063583932065,0,0,0.0,0.0,29
2026-04-14T21:15:00.508027,qbittorrent-app-1,ugreen/qbittorrent:v1,8.380551378446114,4522.55078125,58.6047413343646,0,0,0.0,0.0,28
2026-04-14T21:15:11.527124,qbittorrent-app-1,ugreen/qbittorrent:v1,7.591758793969849,4529.8515625,58.69934732496374,0,0,0.0,0.0,27
2026-04-14T21:15:22.553315,qbittorrent-app-1,ugreen/qbittorrent:v1,4.099849624060151,4536.28515625,58.78271600688817,0,0,0.0,0.0,27
2026-04-14T21:15:33.577362,qbittorrent-app-1,ugreen/qbittorrent:v1,2.613266832917706,4541.75,58.853531298941775,0,0,0.0,0.0,27
2026-04-14T21:15:44.598851,qbittorrent-app-1,ugreen/qbittorrent:v1,5.126774595267746,4514.11328125,58.495405358070265,0,0,0.0,0.0,27
2026-04-14T21:15:55.626990,qbittorrent-app-1,ugreen/qbittorrent:v1,6.0246231155778895,4519.6953125,58.56773920535018,0,0,0.0,0.0,27
2026-04-14T21:16:06.649363,qbittorrent-app-1,ugreen/qbittorrent:v1,3.6600498753117208,4525.25390625,58.639769341584824,0,0,0.0,0.0,25
2026-04-14T21:16:17.673881,qbittorrent-app-1,ugreen/qbittorrent:v1,5.6013032581453635,4530.8515625,58.71230566289491,0,0,0.0,0.0,25
2026-04-14T21:16:28.694332,qbittorrent-app-1,ugreen/qbittorrent:v1,4.186065162907268,4536.12890625,58.780691266586416,0,0,0.0,0.0,25
2026-04-14T21:16:39.717238,qbittorrent-app-1,ugreen/qbittorrent:v1,2.406991260923845,4533.0390625,58.74065202711937,0,0,0.0,0.0,25
2026-04-14T21:16:50.742822,qbittorrent-app-1,ugreen/qbittorrent:v1,5.939348370927319,4539.76171875,58.82776647860204,0,0,0.0,0.0,26
2026-04-14T21:17:01.765449,qbittorrent-app-1,ugreen/qbittorrent:v1,5.187167919799498,4545.33984375,58.900049707374414,0,0,0.0,0.0,26
2026-04-14T21:17:12.789562,qbittorrent-app-1,ugreen/qbittorrent:v1,5.270363864491844,4551.17578125,58.975673757644664,0,0,0.0,0.0,26
2026-04-14T21:17:23.818281,qbittorrent-app-1,ugreen/qbittorrent:v1,4.76595744680851,4556.59375,59.04588162760774,0,0,0.0,0.0,26
2026-04-14T21:17:34.844065,qbittorrent-app-1,ugreen/qbittorrent:v1,2.8359651307596514,4476.6796875,58.01032820027922,0,0,0.0,0.0,28
2026-04-14T21:17:45.867661,qbittorrent-app-1,ugreen/qbittorrent:v1,2.66546365914787,4482.39453125,58.084383076815605,0,0,0.0,0.0,28
2026-04-14T21:17:56.888874,qbittorrent-app-1,ugreen/qbittorrent:v1,5.750012484394507,4487.71875,58.15337610259764,0,0,0.0,0.0,28
2026-04-14T21:18:07.913084,qbittorrent-app-1,ugreen/qbittorrent:v1,5.6736239103362385,4493.07421875,58.22277407644002,0,0,0.0,0.0,28
2026-04-14T21:18:18.934280,qbittorrent-app-1,ugreen/qbittorrent:v1,2.5887076537013805,4498.640625,58.29490544968976,0,0,0.0,0.0,28
2026-04-14T21:18:29.957338,qbittorrent-app-1,ugreen/qbittorrent:v1,5.533917396745933,4503.27734375,58.3549896181441,0,0,0.0,0.0,28
2026-04-14T21:18:40.978202,qbittorrent-app-1,ugreen/qbittorrent:v1,4.9067334167709635,4508.3671875,58.420945533473514,0,0,0.0,0.0,29
2026-04-14T21:18:52.002336,qbittorrent-app-1,ugreen/qbittorrent:v1,5.212315394242804,4509.1640625,58.43127170901242,0,0,0.0,0.0,29
2026-04-14T21:19:03.027125,qbittorrent-app-1,ugreen/qbittorrent:v1,5.978310214375788,4483.87890625,58.10361810968221,0,0,0.0,0.0,29
2026-04-14T21:19:14.048804,qbittorrent-app-1,ugreen/qbittorrent:v1,5.145527638190955,4488.796875,58.167346810679696,0,0,0.0,0.0,29
2026-04-14T21:19:25.078093,qbittorrent-app-1,ugreen/qbittorrent:v1,7.272290362953693,4494.20703125,58.237453443627686,0,0,0.0,0.0,29
2026-04-14T21:19:36.102171,qbittorrent-app-1,ugreen/qbittorrent:v1,6.741900000000001,4499.46484375,58.30558595478148,0,0,0.0,0.0,29
2026-04-14T21:19:47.126359,qbittorrent-app-1,ugreen/qbittorrent:v1,6.315894868585732,4505.05859375,58.378071657584016,0,0,0.0,0.0,29
2026-04-14T21:19:58.149842,qbittorrent-app-1,ugreen/qbittorrent:v1,4.905902864259028,4510.15234375,58.44407819142098,0,0,0.0,0.0,29
2026-04-14T21:20:09.174194,qbittorrent-app-1,ugreen/qbittorrent:v1,5.671620947630922,4516.23046875,58.52284058915893,0,0,0.0,0.0,27
2026-04-14T21:20:20.204037,qbittorrent-app-1,ugreen/qbittorrent:v1,3.752781954887218,4520.98828125,58.584493931347126,0,0,0.0,0.0,27
2026-04-14T21:20:31.228941,qbittorrent-app-1,ugreen/qbittorrent:v1,7.077225725094577,4521.69921875,58.59370649972008,0,0,0.0,0.0,27
2026-04-14T21:20:42.250027,qbittorrent-app-1,ugreen/qbittorrent:v1,6.48749063670412,4528.62109375,58.68340249508748,0,0,0.0,0.0,27
2026-04-14T21:20:53.270370,qbittorrent-app-1,ugreen/qbittorrent:v1,5.122208281053952,4532.375,58.73204688083694,0,0,0.0,0.0,27
2026-04-14T21:21:04.296415,qbittorrent-app-1,ugreen/qbittorrent:v1,4.5231,4536.95703125,58.79142239018568,0,0,0.0,0.0,25
2026-04-14T21:21:15.316822,qbittorrent-app-1,ugreen/qbittorrent:v1,2.460727728983689,4516.51953125,58.52658635871717,0,0,0.0,0.0,25
2026-04-14T21:21:26.343051,qbittorrent-app-1,ugreen/qbittorrent:v1,2.5982521847690387,4521.984375,58.59740165077076,0,0,0.0,0.0,25
2026-04-14T21:21:37.371068,qbittorrent-app-1,ugreen/qbittorrent:v1,2.0452261306532664,4527.13671875,58.664167462220874,0,0,0.0,0.0,26
2026-04-14T21:21:48.399154,qbittorrent-app-1,ugreen/qbittorrent:v1,5.76318804483188,4531.92578125,58.72622575246942,0,0,0.0,0.0,26
2026-04-14T21:21:59.425431,qbittorrent-app-1,ugreen/qbittorrent:v1,6.719899749373434,4537.09375,58.793194037949704,0,0,0.0,0.0,26
2026-04-14T21:22:10.458478,qbittorrent-app-1,ugreen/qbittorrent:v1,0.3071,4542.12109375,58.85834005715842,0,0,0.0,0.0,27
2026-04-14T21:22:21.488092,qbittorrent-app-1,ugreen/qbittorrent:v1,2.8972215269086354,4512.59765625,58.47576537714332,0,0,0.0,0.0,29
2026-04-14T21:22:32.512543,qbittorrent-app-1,ugreen/qbittorrent:v1,5.628735919899875,4517.8203125,58.54344232172921,0,0,0.0,0.0,29
2026-04-14T21:22:43.544450,qbittorrent-app-1,ugreen/qbittorrent:v1,7.750214375788146,4522.828125,58.6083352484002,0,0,0.0,0.0,29
2026-04-14T21:22:54.572478,qbittorrent-app-1,ugreen/qbittorrent:v1,4.385427135678392,4528.046875,58.67596157447855,0,0,0.0,0.0,29
2026-04-14T21:23:05.607411,qbittorrent-app-1,ugreen/qbittorrent:v1,6.163809523809523,4532.84765625,58.73817172024973,0,0,0.0,0.0,29
2026-04-14T21:23:16.635171,qbittorrent-app-1,ugreen/qbittorrent:v1,4.9121815889029,4526.484375,58.655714171461085,0,0,0.0,0.0,29
2026-04-14T21:23:27.684151,qbittorrent-app-1,ugreen/qbittorrent:v1,2.6112923462986197,4532.57421875,58.73462842472167,0,0,0.0,0.0,29
2026-04-14T21:23:38.707881,qbittorrent-app-1,ugreen/qbittorrent:v1,4.7467672955974844,4537.265625,58.795421252281635,0,0,0.0,0.0,29
2026-04-14T21:23:49.733892,qbittorrent-app-1,ugreen/qbittorrent:v1,5.2672,4542.7109375,58.86598345179751,0,0,0.0,0.0,29
2026-04-14T21:24:00.764919,qbittorrent-app-1,ugreen/qbittorrent:v1,6.017531486146096,4471.74609375,57.94639702525155,0,0,0.0,0.0,29
2026-04-14T21:24:11.808759,qbittorrent-app-1,ugreen/qbittorrent:v1,4.439899749373433,4476.9921875,58.0143776808827,0,0,0.0,0.0,29
2026-04-14T21:24:22.834489,qbittorrent-app-1,ugreen/qbittorrent:v1,2.786932668329177,4481.08984375,58.06747649529602,0,0,0.0,0.0,29
2026-04-14T21:24:33.860006,qbittorrent-app-1,ugreen/qbittorrent:v1,4.771163954943679,4485.234375,58.121182731799856,0,0,0.0,0.0,29
2026-04-14T21:24:44.888402,qbittorrent-app-1,ugreen/qbittorrent:v1,5.308040201005025,4490.0234375,58.183241022048406,0,0,0.0,0.0,29
2026-04-14T21:24:55.910752,qbittorrent-app-1,ugreen/qbittorrent:v1,2.725614035087719,4495.265625,58.25117105917202,0,0,0.0,0.0,29
2026-04-14T21:25:06.940131,qbittorrent-app-1,ugreen/qbittorrent:v1,0.7780274656679151,4498.55859375,58.29384246103134,0,0,0.0,0.0,29
2026-04-14T21:25:17.958416,qbittorrent-app-1,ugreen/qbittorrent:v1,5.497358490566038,4503.90625,58.36313919785864,0,0,0.0,0.0,29
2026-04-14T21:25:28.976429,qbittorrent-app-1,ugreen/qbittorrent:v1,4.95357590966123,4456.3046875,57.7463020649314,0,0,0.0,0.0,29
2026-04-14T21:25:39.998651,qbittorrent-app-1,ugreen/qbittorrent:v1,6.305399239543726,4384.234375,56.812390600750575,0,0,0.0,0.0,29
2026-04-14T21:25:51.026431,qbittorrent-app-1,ugreen/qbittorrent:v1,1.591510611735331,4334.4609375,56.167409577629044,0,0,0.0,0.0,29
2026-04-14T21:26:02.054462,qbittorrent-app-1,ugreen/qbittorrent:v1,6.972832080200502,4276.359375,55.41450989642441,0,0,0.0,0.0,29
2026-04-14T21:26:13.078484,qbittorrent-app-1,ugreen/qbittorrent:v1,6.232745591939547,4282.77734375,55.49767610431867,0,0,0.0,0.0,29
2026-04-14T21:26:24.103885,qbittorrent-app-1,ugreen/qbittorrent:v1,4.856971214017522,4136.171875,53.597912897696965,0,0,0.0,0.0,29
2026-04-14T21:26:35.485862,qbittorrent-app-1,ugreen/qbittorrent:v1,4.2273,4141.40234375,53.665691079297936,0,0,0.0,0.0,29
2026-04-14T21:26:46.521511,qbittorrent-app-1,ugreen/qbittorrent:v1,3.773383647798742,4148.58984375,53.75882913317831,0,0,0.0,0.0,29
2026-04-14T21:26:57.551751,qbittorrent-app-1,ugreen/qbittorrent:v1,4.70827067669173,4044.58984375,52.41116198833547,0,0,0.0,0.0,29
2026-04-14T21:27:08.581197,qbittorrent-app-1,ugreen/qbittorrent:v1,2.9156,3933.328125,50.969395037968944,0,0,0.0,0.0,28
2026-04-14T21:27:19.618404,qbittorrent-app-1,ugreen/qbittorrent:v1,2.6319,3938.34375,51.03438920165503,0,0,0.0,0.0,28
2026-04-14T21:27:30.644810,qbittorrent-app-1,ugreen/qbittorrent:v1,2.371994981179423,3930.59765625,50.93401270119591,0,0,0.0,0.0,29
2026-04-14T21:27:41.671069,qbittorrent-app-1,ugreen/qbittorrent:v1,4.114843554443054,3934.9140625,50.98994615203167,0,0,0.0,0.0,29
2026-04-14T21:27:52.704529,qbittorrent-app-1,ugreen/qbittorrent:v1,5.043204005006258,3941.0234375,51.06911349782999,0,0,0.0,0.0,29
2026-04-14T21:28:03.757034,qbittorrent-app-1,ugreen/qbittorrent:v1,8.451464330413017,3945.96875,51.133196528380275,0,0,0.0,0.0,29
2026-04-14T21:28:14.787269,qbittorrent-app-1,ugreen/qbittorrent:v1,4.562202753441802,3945.2109375,51.12337653791681,0,0,0.0,0.0,29
2026-04-14T21:28:25.807630,qbittorrent-app-1,ugreen/qbittorrent:v1,3.5608596713021488,3869.22265625,50.138694710669675,0,0,0.0,0.0,29
2026-04-14T21:28:36.832393,qbittorrent-app-1,ugreen/qbittorrent:v1,6.418835443037975,3729.21484375,48.32442616328923,0,0,0.0,0.0,29
2026-04-14T21:28:47.870250,qbittorrent-app-1,ugreen/qbittorrent:v1,3.4276846057571966,3614.4453125,46.83720379314848,0,0,0.0,0.0,29
2026-04-14T21:28:58.887476,qbittorrent-app-1,ugreen/qbittorrent:v1,5.7440806045340045,3430.8046875,44.457526516505176,0,0,0.0,0.0,26
2026-04-14T21:29:09.908013,qbittorrent-app-1,ugreen/qbittorrent:v1,6.0514,3283.28515625,42.54591857911825,0,0,0.0,0.0,29
2026-04-14T21:29:20.938939,qbittorrent-app-1,ugreen/qbittorrent:v1,1.4317691342534504,3170.203125,41.080563404236365,0,0,0.0,0.0,29
2026-04-14T21:29:31.962550,qbittorrent-app-1,ugreen/qbittorrent:v1,3.7914999999999996,3051.0234375,39.5361927390788,0,0,0.0,0.0,29
2026-04-14T21:29:42.991151,qbittorrent-app-1,ugreen/qbittorrent:v1,2.8422,3038.6015625,39.37522588508992,0,0,0.0,0.0,29
2026-04-14T21:29:54.019916,qbittorrent-app-1,ugreen/qbittorrent:v1,6.170876747141042,2885.50390625,37.391334718930615,0,0,0.0,0.0,29
2026-04-14T21:30:05.049235,qbittorrent-app-1,ugreen/qbittorrent:v1,5.320100755667506,2770.97265625,35.907200077750026,0,0,0.0,0.0,30
2026-04-14T21:30:16.081422,qbittorrent-app-1,ugreen/qbittorrent:v1,0.353441802252816,2613.5703125,33.867527316277595,0,0,0.0,0.0,29
2026-04-14T21:30:27.138550,qbittorrent-app-1,ugreen/qbittorrent:v1,0.934572864321608,2482.19140625,32.165075052061134,0,0,0.0,0.0,29
2026-04-14T21:30:38.234030,qbittorrent-app-1,ugreen/qbittorrent:v1,6.0146999999999995,2452.07421875,31.774806358899394,0,0,0.0,0.0,29
2026-04-14T21:30:49.257924,qbittorrent-app-1,ugreen/qbittorrent:v1,4.238701622971286,2451.83203125,31.771668011431686,0,0,0.0,0.0,29
2026-04-14T21:31:00.287292,qbittorrent-app-1,ugreen/qbittorrent:v1,0.06871410736579275,2448.16015625,31.724086614340628,0,0,0.0,0.0,21
2026-04-14T21:31:11.307585,qbittorrent-app-1,ugreen/qbittorrent:v1,0.5081296758104737,2447.53125,31.715937034626094,0,0,0.0,0.0,21
2026-04-14T21:31:22.325965,qbittorrent-app-1,ugreen/qbittorrent:v1,10.102528160200249,2448.4765625,31.728186713451667,0,0,0.0,0.0,21
2026-04-14T21:31:33.347051,qbittorrent-app-1,ugreen/qbittorrent:v1,1.8099750623441397,2448.62890625,31.73016083524587,0,0,0.0,0.0,21
2026-04-14T21:31:44.366985,qbittorrent-app-1,ugreen/qbittorrent:v1,0.6813483146067415,2448.61328125,31.729958361215694,0,0,0.0,0.0,21
2026-04-14T21:31:55.398063,qbittorrent-app-1,ugreen/qbittorrent:v1,1.1970963704630788,2445.51171875,31.689767266226017,0,0,0.0,0.0,21
2026-04-14T21:32:06.423034,qbittorrent-app-1,ugreen/qbittorrent:v1,0.9623910336239103,2445.71875,31.69245004712583,0,0,0.0,0.0,20
2026-04-14T21:32:17.446786,qbittorrent-app-1,ugreen/qbittorrent:v1,1.978154613466334,2445.890625,31.694677261457755,0,0,0.0,0.0,20
2026-04-14T21:32:28.475481,qbittorrent-app-1,ugreen/qbittorrent:v1,0.5552882205513784,2445.3203125,31.687286959356374,0,0,0.0,0.0,20
2026-04-14T21:32:39.500631,qbittorrent-app-1,ugreen/qbittorrent:v1,0.54541822721598,2445.35546875,31.687742525924268,0,0,0.0,0.0,20
2026-04-14T21:32:50.527241,qbittorrent-app-1,ugreen/qbittorrent:v1,0.2838451935081148,2445.06640625,31.683996756366035,0,0,0.0,0.0,20
2026-04-14T21:33:01.549004,qbittorrent-app-1,ugreen/qbittorrent:v1,5.944469413233458,2444.99609375,31.68308562323025,0,0,0.0,0.0,20
2026-04-14T21:33:12.569085,qbittorrent-app-1,ugreen/qbittorrent:v1,1.2896637608966377,2444.76171875,31.68004851277763,0,0,0.0,0.0,20
2026-04-14T21:33:23.594422,qbittorrent-app-1,ugreen/qbittorrent:v1,0.24680000000000002,2444.56640625,31.677517587400445,0,0,0.0,0.0,20
2026-04-14T21:33:34.618406,qbittorrent-app-1,ugreen/qbittorrent:v1,0.14681647940074907,2444.4765625,31.67635336172694,0,0,0.0,0.0,20
2026-04-14T21:33:45.641876,qbittorrent-app-1,ugreen/qbittorrent:v1,0.8980999999999999,2443.9765625,31.66987419276135,0,0,0.0,0.0,20
2026-04-14T21:33:56.669664,qbittorrent-app-1,ugreen/qbittorrent:v1,1.3786,2444.59375,31.677871916953254,0,0,0.0,0.0,20
2026-04-14T21:34:07.697330,qbittorrent-app-1,ugreen/qbittorrent:v1,0.11486924034869239,2436.81640625,31.577090468433795,0,0,0.0,0.0,19
2026-04-14T21:34:18.721722,qbittorrent-app-1,ugreen/qbittorrent:v1,6.873823163138232,2436.859375,31.577647272016772,0,0,0.0,0.0,19
2026-04-14T21:34:29.745747,qbittorrent-app-1,ugreen/qbittorrent:v1,0.2449937578027466,2436.91796875,31.57840654962993,0,0,0.0,0.0,19
2026-04-14T21:34:40.775671,qbittorrent-app-1,ugreen/qbittorrent:v1,0.2358260869565217,2436.59765625,31.574255832011346,0,0,0.0,0.0,19
2026-04-14T21:34:51.799331,qbittorrent-app-1,ugreen/qbittorrent:v1,0.8825062656641603,2436.421875,31.571977999171878,0,0,0.0,0.0,19
2026-04-14T21:35:02.824502,qbittorrent-app-1,ugreen/qbittorrent:v1,0.301,2436.61328125,31.57445830604152,0,0,0.0,0.0,19
2026-04-14T21:35:13.848290,qbittorrent-app-1,ugreen/qbittorrent:v1,0.4616229712858927,2436.484375,31.57278789529258,0,0,0.0,0.0,19
2026-04-14T21:35:24.873980,qbittorrent-app-1,ugreen/qbittorrent:v1,0.13552238805970152,2436.56640625,31.573850883951,0,0,0.0,0.0,19
2026-04-14T21:35:35.895326,qbittorrent-app-1,ugreen/qbittorrent:v1,0.1092634207240949,2436.34765625,31.57101624752855,0,0,0.0,0.0,19
2026-04-14T21:35:46.915793,qbittorrent-app-1,ugreen/qbittorrent:v1,0.1489138576779026,2436.3203125,31.570661917975745,0,0,0.0,0.0,19
2026-04-14T21:35:57.938607,qbittorrent-app-1,ugreen/qbittorrent:v1,0.9906,2438.98046875,31.605133121612987,0,0,0.0,0.0,19
2026-04-14T21:36:08.958445,qbittorrent-app-1,ugreen/qbittorrent:v1,1.17062656641604,2438.75,31.60214662966791,0,0,0.0,0.0,19
2026-04-14T21:36:19.982974,qbittorrent-app-1,ugreen/qbittorrent:v1,0.1824,2438.5234375,31.599210756230377,0,0,0.0,0.0,19
2026-04-14T21:36:31.009657,qbittorrent-app-1,ugreen/qbittorrent:v1,0.3057178526841448,2438.18359375,31.594806946074076,0,0,0.0,0.0,19
2026-04-14T21:36:42.034638,qbittorrent-app-1,ugreen/qbittorrent:v1,0.32399999999999995,2438.171875,31.59465509055145,0,0,0.0,0.0,19
2026-04-14T21:36:53.064366,qbittorrent-app-1,ugreen/qbittorrent:v1,1.1482294264339152,2438.6015625,31.600223126381255,0,0,0.0,0.0,19
2026-04-14T21:37:04.087591,qbittorrent-app-1,ugreen/qbittorrent:v1,0.2491656288916563,2437.65234375,31.587922829048136,0,0,0.0,0.0,19
2026-04-14T21:37:15.112402,qbittorrent-app-1,ugreen/qbittorrent:v1,0.20501253132832079,2430.81640625,31.49934044084671,0,0,0.0,0.0,19
2026-04-14T21:37:26.143229,qbittorrent-app-1,ugreen/qbittorrent:v1,0.22661672908863922,2430.7421875,31.498378689203378,0,0,0.0,0.0,19
2026-04-14T21:37:37.171224,qbittorrent-app-1,ugreen/qbittorrent:v1,0.3323845193508115,2430.71484375,31.49802435965057,0,0,0.0,0.0,19
2026-04-14T21:37:48.198364,qbittorrent-app-1,ugreen/qbittorrent:v1,0.5222,2430.37890625,31.493671168001814,0,0,0.0,0.0,19
2026-04-14T21:37:59.224934,qbittorrent-app-1,ugreen/qbittorrent:v1,0.5589027431421446,2429.4921875,31.482180766789398,0,0,0.0,0.0,19
2026-04-14T21:38:10.253540,qbittorrent-app-1,ugreen/qbittorrent:v1,0.29852684144818975,2429.59765625,31.48354746649308,0,0,0.0,0.0,20
2026-04-14T21:38:21.282600,qbittorrent-app-1,ugreen/qbittorrent:v1,0.23282689912826898,2429.6484375,31.484205507091147,0,0,0.0,0.0,20
2026-04-14T21:38:32.307867,qbittorrent-app-1,ugreen/qbittorrent:v1,0.2065,2429.56640625,31.48314251843273,0,0,0.0,0.0,20
2026-04-14T21:38:43.335613,qbittorrent-app-1,ugreen/qbittorrent:v1,0.41498127340823976,2429.5625,31.483091899925185,0,0,0.0,0.0,20
2026-04-14T21:38:54.360145,qbittorrent-app-1,ugreen/qbittorrent:v1,0.2744430538172716,2429.5390625,31.482788188879923,0,0,0.0,0.0,20
2026-04-14T21:39:05.389058,qbittorrent-app-1,ugreen/qbittorrent:v1,0.24801001251564453,2429.53515625,31.482737570372382,0,0,0.0,0.0,20
2026-04-14T21:39:16.412417,qbittorrent-app-1,ugreen/qbittorrent:v1,0.3072841051314143,2422.7109375,31.394307037693576,0,0,0.0,0.0,20
2026-04-14T21:39:27.431541,qbittorrent-app-1,ugreen/qbittorrent:v1,0.4062921348314607,2422.78515625,31.395268789336907,0,0,0.0,0.0,20
2026-04-14T21:39:38.456885,qbittorrent-app-1,ugreen/qbittorrent:v1,0.3726342072409488,2422.81640625,31.395673737397257,0,0,0.0,0.0,20
2026-04-14T21:39:49.482861,qbittorrent-app-1,ugreen/qbittorrent:v1,0.7627930174563591,2422.76171875,31.394965078291648,0,0,0.0,0.0,20
2026-04-14T21:40:00.518504,qbittorrent-app-1,ugreen/qbittorrent:v1,1.5178,2422.73828125,31.394661367246385,0,0,0.0,0.0,20
2026-04-14T21:40:11.539769,qbittorrent-app-1,ugreen/qbittorrent:v1,0.7131257783312578,2422.72265625,31.39445889321621,0,0,0.0,0.0,20
2026-04-14T21:40:22.566808,qbittorrent-app-1,ugreen/qbittorrent:v1,0.168643216080402,2414.97265625,31.294031774249554,0,0,0.0,0.0,20
2026-04-14T21:40:33.596975,qbittorrent-app-1,ugreen/qbittorrent:v1,0.08359550561797752,2414.93359375,31.29352558917412,0,0,0.0,0.0,20
2026-04-14T21:40:44.620922,qbittorrent-app-1,ugreen/qbittorrent:v1,0.5838297872340426,2414.9296875,31.293474970666573,0,0,0.0,0.0,20
2026-04-14T21:40:55.645364,qbittorrent-app-1,ugreen/qbittorrent:v1,0.22390000000000002,2414.89453125,31.293019404098683,0,0,0.0,0.0,20
2026-04-14T21:41:06.667259,qbittorrent-app-1,ugreen/qbittorrent:v1,0.2002,2414.8671875,31.292665074545877,0,0,0.0,0.0,19
2026-04-14T21:41:17.686260,qbittorrent-app-1,ugreen/qbittorrent:v1,0.08360450563204005,2414.890625,31.292968785591135,0,0,0.0,0.0,19
2026-04-14T21:41:28.709527,qbittorrent-app-1,ugreen/qbittorrent:v1,0.2625563909774436,2414.5390625,31.288413119912207,0,0,0.0,0.0,19
2026-04-14T21:41:39.728533,qbittorrent-app-1,ugreen/qbittorrent:v1,0.49181141439205955,2414.6015625,31.289223016032906,0,0,0.0,0.0,19
2026-04-14T21:41:50.756018,qbittorrent-app-1,ugreen/qbittorrent:v1,0.1998498122653317,2414.2578125,31.28476858736906,0,0,0.0,0.0,19
2026-04-14T21:42:01.780341,qbittorrent-app-1,ugreen/qbittorrent:v1,0.17434620174346202,2414.24609375,31.28461673184643,0,0,0.0,0.0,19
2026-04-14T21:42:12.805560,qbittorrent-app-1,ugreen/qbittorrent:v1,0.1254296388542964,2414.21875,31.284262402293628,0,0,0.0,0.0,19
2026-04-14T21:42:23.840664,qbittorrent-app-1,ugreen/qbittorrent:v1,0.14014888337468984,2414.16015625,31.283503124680472,0,0,0.0,0.0,19
2026-04-14T21:42:34.867459,qbittorrent-app-1,ugreen/qbittorrent:v1,0.07062344139650872,2409.08203125,31.217699064873695,0,0,0.0,0.0,19
2026-04-14T21:42:45.891863,qbittorrent-app-1,ugreen/qbittorrent:v1,0.11022443890274314,2409.125,31.218255868456673,0,0,0.0,0.0,19
2026-04-14T21:42:56.916969,qbittorrent-app-1,ugreen/qbittorrent:v1,0.22982543640897757,2409.18359375,31.21901514606983,0,0,0.0,0.0,19
2026-04-14T21:43:07.943393,qbittorrent-app-1,ugreen/qbittorrent:v1,0.2934663341645885,2409.98828125,31.229442558623827,0,0,0.0,0.0,20
2026-04-14T21:43:18.972957,qbittorrent-app-1,ugreen/qbittorrent:v1,0.16448877805486284,2410.08984375,31.23075863981996,0,0,0.0,0.0,20
2026-04-14T21:43:30.000237,qbittorrent-app-1,ugreen/qbittorrent:v1,0.39313432835820894,2410.2265625,31.232530287583987,0,0,0.0,0.0,20
2026-04-14T21:43:41.023912,qbittorrent-app-1,ugreen/qbittorrent:v1,0.13042606516290728,2403.21875,31.141720685050633,0,0,0.0,0.0,20
2026-04-14T21:43:52.046762,qbittorrent-app-1,ugreen/qbittorrent:v1,0.06638297872340426,2403.265625,31.14232810714116,0,0,0.0,0.0,20
2026-04-14T21:44:03.072356,qbittorrent-app-1,ugreen/qbittorrent:v1,0.44409999999999994,2402.9453125,31.138177389522575,0,0,0.0,0.0,20
2026-04-14T21:44:14.095515,qbittorrent-app-1,ugreen/qbittorrent:v1,0.13276807980049876,2402.98046875,31.13863295609047,0,0,0.0,0.0,20
2026-04-14T21:44:25.120500,qbittorrent-app-1,ugreen/qbittorrent:v1,0.0421,2403.05078125,31.139544089226256,0,0,0.0,0.0,20
2026-04-14T21:44:36.146694,qbittorrent-app-1,ugreen/qbittorrent:v1,0.2111720698254364,2403.10546875,31.140252748331864,0,0,0.0,0.0,20
2026-04-14T21:44:47.169028,qbittorrent-app-1,ugreen/qbittorrent:v1,0.23570536828963795,2403.2265625,31.14182192206572,0,0,0.0,0.0,20
2026-04-14T21:44:58.195142,qbittorrent-app-1,ugreen/qbittorrent:v1,0.8429000000000001,2403.3671875,31.143644188337294,0,0,0.0,0.0,20
2026-04-14T21:45:09.222168,qbittorrent-app-1,ugreen/qbittorrent:v1,0.08779026217228464,2403.41015625,31.144200991920272,0,0,0.0,0.0,20
2026-04-14T21:45:20.250012,qbittorrent-app-1,ugreen/qbittorrent:v1,0.246107634543179,2403.4921875,31.14526398057869,0,0,0.0,0.0,20
2026-04-14T21:45:31.275968,qbittorrent-app-1,ugreen/qbittorrent:v1,0.23221945137157107,2403.6015625,31.146681298789915,0,0,0.0,0.0,20
2026-04-14T21:45:42.301236,qbittorrent-app-1,ugreen/qbittorrent:v1,0.15790523690773067,2403.6328125,31.147086246850265,0,0,0.0,0.0,20
2026-04-14T21:45:53.322590,qbittorrent-app-1,ugreen/qbittorrent:v1,0.6835087719298245,2403.58984375,31.146529443267283,0,0,0.0,0.0,20
2026-04-14T21:46:04.351852,qbittorrent-app-1,ugreen/qbittorrent:v1,0.8652816020025031,2403.71484375,31.148149235508683,0,0,0.0,0.0,20
2026-04-14T21:46:15.382903,qbittorrent-app-1,ugreen/qbittorrent:v1,1.4069761606022584,2397.1953125,31.063666946418284,0,0,0.0,0.0,20
2026-04-14T21:46:26.410262,qbittorrent-app-1,ugreen/qbittorrent:v1,0.1373,2396.9453125,31.06042736193549,0,0,0.0,0.0,20
2026-04-14T21:46:37.442765,qbittorrent-app-1,ugreen/qbittorrent:v1,0.3583,2397.125,31.0627558132825,0,0,0.0,0.0,20
2026-04-14T21:46:48.468945,qbittorrent-app-1,ugreen/qbittorrent:v1,0.7195994993742177,2397.19140625,31.063616327910744,0,0,0.0,0.0,20
2026-04-14T21:46:59.498329,qbittorrent-app-1,ugreen/qbittorrent:v1,0.22476190476190477,2397.20703125,31.06381880194092,0,0,0.0,0.0,20
2026-04-14T21:47:10.527115,qbittorrent-app-1,ugreen/qbittorrent:v1,0.7513,2397.328125,31.065387975674767,0,0,0.0,0.0,20
2026-04-14T21:47:21.554385,qbittorrent-app-1,ugreen/qbittorrent:v1,0.39460674157303377,2397.35546875,31.065742305227577,0,0,0.0,0.0,20
2026-04-14T21:47:32.578771,qbittorrent-app-1,ugreen/qbittorrent:v1,0.37266583229036293,2397.3984375,31.066299108810558,0,0,0.0,0.0,20
2026-04-14T21:47:43.605671,qbittorrent-app-1,ugreen/qbittorrent:v1,0.5663157894736842,2397.4140625,31.066501582840733,0,0,0.0,0.0,20
2026-04-14T21:47:54.633826,qbittorrent-app-1,ugreen/qbittorrent:v1,0.22237797246558197,2397.453125,31.067007767916166,0,0,0.0,0.0,20
2026-04-14T21:48:05.659238,qbittorrent-app-1,ugreen/qbittorrent:v1,0.1944139650872818,2397.50390625,31.067665808514235,0,0,0.0,0.0,20
2026-04-14T21:48:16.686699,qbittorrent-app-1,ugreen/qbittorrent:v1,0.3226932668329177,2397.58203125,31.06867817866511,0,0,0.0,0.0,20
2026-04-14T21:48:27.718700,qbittorrent-app-1,ugreen/qbittorrent:v1,0.43521197007481294,2397.6484375,31.069538693293353,0,0,0.0,0.0,20
2026-04-14T21:48:38.743359,qbittorrent-app-1,ugreen/qbittorrent:v1,1.9228927680798005,2397.921875,31.07308198882141,0,0,0.0,0.0,20
2026-04-14T21:48:49.781373,qbittorrent-app-1,ugreen/qbittorrent:v1,0.3408955223880597,2397.69140625,31.07009549687633,0,0,0.0,0.0,20
2026-04-14T21:49:00.811507,qbittorrent-app-1,ugreen/qbittorrent:v1,0.32228855721393035,2397.66796875,31.069791785831068,0,0,0.0,0.0,20
2026-04-14T21:49:11.836657,qbittorrent-app-1,ugreen/qbittorrent:v1,0.17118601747815232,2397.69921875,31.07019673389142,0,0,0.0,0.0,20
2026-04-14T21:49:22.865250,qbittorrent-app-1,ugreen/qbittorrent:v1,0.3177085927770859,2397.7109375,31.07034858941405,0,0,0.0,0.0,20
2026-04-14T21:49:33.897381,qbittorrent-app-1,ugreen/qbittorrent:v1,1.1952059925093632,2397.93359375,31.07323384434404,0,0,0.0,0.0,20
2026-04-14T21:49:44.924788,qbittorrent-app-1,ugreen/qbittorrent:v1,0.04085106382978723,2394.4296875,31.02782904307736,0,0,0.0,0.0,20
2026-04-14T21:49:55.944564,qbittorrent-app-1,ugreen/qbittorrent:v1,0.34503740648379055,2394.48828125,31.02858832069052,0,0,0.0,0.0,20
2026-04-14T21:50:06.966826,qbittorrent-app-1,ugreen/qbittorrent:v1,0.0736079900124844,2394.37890625,31.027171002479292,0,0,0.0,0.0,20
2026-04-14T21:50:17.998298,qbittorrent-app-1,ugreen/qbittorrent:v1,0.01606022584692597,2394.41015625,31.027575950539642,0,0,0.0,0.0,20
2026-04-14T21:50:29.022560,qbittorrent-app-1,ugreen/qbittorrent:v1,0.3702743142144639,2394.66015625,31.030815535022438,0,0,0.0,0.0,20
2026-04-14T21:50:40.043719,qbittorrent-app-1,ugreen/qbittorrent:v1,0.381,2394.45703125,31.02818337263017,0,0,0.0,0.0,20
2026-04-14T21:50:51.066704,qbittorrent-app-1,ugreen/qbittorrent:v1,0.6363138231631382,2394.42578125,31.027778424569817,0,0,0.0,0.0,20
2026-04-14T21:51:02.096786,qbittorrent-app-1,ugreen/qbittorrent:v1,0.08759051186017479,2394.46484375,31.028284609645258,0,0,0.0,0.0,20
2026-04-14T21:51:13.123252,qbittorrent-app-1,ugreen/qbittorrent:v1,0.23860869565217388,2394.42578125,31.027778424569817,0,0,0.0,0.0,19
2026-04-14T21:51:24.146646,qbittorrent-app-1,ugreen/qbittorrent:v1,0.427334167709637,2394.75390625,31.03203037920349,0,0,0.0,0.0,21
2026-04-14T21:51:35.166988,qbittorrent-app-1,ugreen/qbittorrent:v1,0.0785,2394.609375,31.030157494424373,0,0,0.0,0.0,21
2026-04-14T21:51:46.194483,qbittorrent-app-1,ugreen/qbittorrent:v1,0.1479,2387.91015625,30.943346753986965,0,0,0.0,0.0,21
2026-04-14T21:51:57.226858,qbittorrent-app-1,ugreen/qbittorrent:v1,0.2089,2390.703125,30.979538986880694,0,0,0.0,0.0,21
2026-04-14T21:52:08.251753,qbittorrent-app-1,ugreen/qbittorrent:v1,0.14403990024937655,2390.8203125,30.981057542107003,0,0,0.0,0.0,21
2026-04-14T21:52:19.273875,qbittorrent-app-1,ugreen/qbittorrent:v1,1.2268335419274092,2391.14453125,30.98525887823313,0,0,0.0,0.0,21
2026-04-14T21:52:30.294193,qbittorrent-app-1,ugreen/qbittorrent:v1,0.2774,2390.87109375,30.98171558270507,0,0,0.0,0.0,21
2026-04-14T21:52:41.318645,qbittorrent-app-1,ugreen/qbittorrent:v1,0.25404732254047324,2390.95703125,30.982829189871037,0,0,0.0,0.0,21
2026-04-14T21:52:52.349355,qbittorrent-app-1,ugreen/qbittorrent:v1,0.0601496259351621,2390.9921875,30.983284756438927,0,0,0.0,0.0,21
2026-04-14T21:53:03.374007,qbittorrent-app-1,ugreen/qbittorrent:v1,0.152,2390.84375,30.98136125315227,0,0,0.0,0.0,21
2026-04-14T21:53:14.396373,qbittorrent-app-1,ugreen/qbittorrent:v1,0.3405,2390.8671875,30.98166496419753,0,0,0.0,0.0,21
2026-04-14T21:53:25.417398,qbittorrent-app-1,ugreen/qbittorrent:v1,0.3393969849246231,2384.0546875,30.89338628704136,0,0,0.0,0.0,20
2026-04-14T21:53:36.440924,qbittorrent-app-1,ugreen/qbittorrent:v1,0.04817955112219451,2363.4765625,30.626727989301273,0,0,0.0,0.0,20
2026-04-14T21:53:47.464984,qbittorrent-app-1,ugreen/qbittorrent:v1,0.1652,2363.80078125,30.6309293254274,0,0,0.0,0.0,20
2026-04-14T21:53:58.487697,qbittorrent-app-1,ugreen/qbittorrent:v1,0.14731585518102372,2363.8125,30.631081180950027,0,0,0.0,0.0,20
2026-04-14T21:54:09.508121,qbittorrent-app-1,ugreen/qbittorrent:v1,0.08567870485678704,2363.65625,30.629056440648284,0,0,0.0,0.0,20
2026-04-14T21:54:20.532831,qbittorrent-app-1,ugreen/qbittorrent:v1,0.4424530663329162,2363.67578125,30.629309533186,0,0,0.0,0.0,20
2026-04-14T21:54:31.557405,qbittorrent-app-1,ugreen/qbittorrent:v1,0.2144956413449564,2363.70703125,30.62971448124635,0,0,0.0,0.0,20
2026-04-14T21:54:42.577854,qbittorrent-app-1,ugreen/qbittorrent:v1,0.0460575719649562,2363.71484375,30.629815718261437,0,0,0.0,0.0,20
2026-04-14T21:54:53.602773,qbittorrent-app-1,ugreen/qbittorrent:v1,0.0283,2363.7265625,30.629967573784068,0,0,0.0,0.0,20
2026-04-14T21:55:04.625125,qbittorrent-app-1,ugreen/qbittorrent:v1,0.13133583021223472,2363.796875,30.630878706919855,0,0,0.0,0.0,20
2026-04-14T21:55:15.645767,qbittorrent-app-1,ugreen/qbittorrent:v1,0.32029962546816476,2362.125,30.60921398569116,0,0,0.0,0.0,20
2026-04-14T21:55:26.674423,qbittorrent-app-1,ugreen/qbittorrent:v1,0.06027534418022528,2362.08203125,30.60865718210818,0,0,0.0,0.0,20
2026-04-14T21:55:37.698611,qbittorrent-app-1,ugreen/qbittorrent:v1,0.7759300873907615,2362.07421875,30.60855594509309,0,0,0.0,0.0,20
2026-04-14T21:55:48.730283,qbittorrent-app-1,ugreen/qbittorrent:v1,0.26852867830423943,2362.1640625,30.609720170766597,0,0,0.0,0.0,20
2026-04-14T21:55:59.756895,qbittorrent-app-1,ugreen/qbittorrent:v1,0.06781523096129838,2362.1328125,30.609315222706247,0,0,0.0,0.0,20
2026-04-14T21:56:10.783779,qbittorrent-app-1,ugreen/qbittorrent:v1,0.2607259073842303,2362.21484375,30.610378211364665,0,0,0.0,0.0,20
2026-04-14T21:56:21.805749,qbittorrent-app-1,ugreen/qbittorrent:v1,0.1262,2362.2265625,30.6105300668873,0,0,0.0,0.0,20
2026-04-14T21:56:32.831134,qbittorrent-app-1,ugreen/qbittorrent:v1,0.24910000000000002,2362.43359375,30.613212847787107,0,0,0.0,0.0,20
2026-04-14T21:56:43.854348,qbittorrent-app-1,ugreen/qbittorrent:v1,0.03405742821473158,2362.16796875,30.609770789274144,0,0,0.0,0.0,20
2026-04-14T21:56:54.878217,qbittorrent-app-1,ugreen/qbittorrent:v1,0.07182044887780549,2362.234375,30.610631303902387,0,0,0.0,0.0,20
2026-04-14T21:57:05.905535,qbittorrent-app-1,ugreen/qbittorrent:v1,0.2635294117647059,2362.1328125,30.609315222706247,0,0,0.0,0.0,20
2026-04-14T21:57:16.930184,qbittorrent-app-1,ugreen/qbittorrent:v1,0.12892230576441102,2362.15625,30.60961893375151,0,0,0.0,0.0,20
2026-04-14T21:57:27.953273,qbittorrent-app-1,ugreen/qbittorrent:v1,0.043192019950124685,2362.1484375,30.60951769673642,0,0,0.0,0.0,19
2026-04-14T21:57:38.982291,qbittorrent-app-1,ugreen/qbittorrent:v1,0.0907,2362.11328125,30.609062130168528,0,0,0.0,0.0,19
2026-04-14T21:57:50.007043,qbittorrent-app-1,ugreen/qbittorrent:v1,0.11143929912390488,2362.22265625,30.610479448379753,0,0,0.0,0.0,20
2026-04-14T21:58:01.028258,qbittorrent-app-1,ugreen/qbittorrent:v1,0.4374531835205992,2362.390625,30.61265604420413,0,0,0.0,0.0,20
2026-04-14T21:58:12.055266,qbittorrent-app-1,ugreen/qbittorrent:v1,0.09144278606965174,2362.4453125,30.613364703309742,0,0,0.0,0.0,20
2026-04-14T21:58:23.081716,qbittorrent-app-1,ugreen/qbittorrent:v1,0.10322903629536923,2362.39453125,30.612706662711673,0,0,0.0,0.0,20
2026-04-14T21:58:34.104915,qbittorrent-app-1,ugreen/qbittorrent:v1,0.2168289637952559,2362.49609375,30.61402274390781,0,0,0.0,0.0,20
2026-04-14T21:58:45.126827,qbittorrent-app-1,ugreen/qbittorrent:v1,0.2451935081148564,2355.78515625,30.527060147947775,0,0,0.0,0.0,20
2026-04-14T21:58:56.150698,qbittorrent-app-1,ugreen/qbittorrent:v1,0.3392481203007519,2355.6875,30.525794685259182,0,0,0.0,0.0,20
2026-04-14T21:59:07.173761,qbittorrent-app-1,ugreen/qbittorrent:v1,0.2889775561097257,2355.671875,30.525592211229007,0,0,0.0,0.0,20
2026-04-14T21:59:18.195801,qbittorrent-app-1,ugreen/qbittorrent:v1,0.11136079900124846,2355.6328125,30.52508602615357,0,0,0.0,0.0,20
2026-04-14T21:59:29.214528,qbittorrent-app-1,ugreen/qbittorrent:v1,0.0871,2355.64453125,30.525237881676205,0,0,0.0,0.0,20
2026-04-14T21:59:40.236933,qbittorrent-app-1,ugreen/qbittorrent:v1,0.24679151061173535,2355.69140625,30.525845303766726,0,0,0.0,0.0,20
2026-04-14T21:59:51.261429,qbittorrent-app-1,ugreen/qbittorrent:v1,0.29109999999999997,2355.609375,30.524782315108308,0,0,0.0,0.0,19
2026-04-14T22:00:02.288792,qbittorrent-app-1,ugreen/qbittorrent:v1,0.379,2355.8984375,30.52852808466654,0,0,0.0,0.0,22
2026-04-14T22:00:13.312626,qbittorrent-app-1,ugreen/qbittorrent:v1,0.039060568603213844,2356.05078125,30.530502206460742,0,0,0.0,0.0,20
2026-04-14T22:00:24.345460,qbittorrent-app-1,ugreen/qbittorrent:v1,0.2948941469489415,2355.80078125,30.527262621977947,0,0,0.0,0.0,20
2026-04-14T22:00:35.370167,qbittorrent-app-1,ugreen/qbittorrent:v1,0.4018,2355.77734375,30.526958910932688,0,0,0.0,0.0,20
2026-04-14T22:00:46.394358,qbittorrent-app-1,ugreen/qbittorrent:v1,0.6184269662921348,2356.14453125,30.531717050641795,0,0,0.0,0.0,20
2026-04-14T22:00:57.419150,qbittorrent-app-1,ugreen/qbittorrent:v1,0.21403508771929824,2356.37890625,30.534754161094412,0,0,0.0,0.0,20
2026-04-14T22:01:08.439802,qbittorrent-app-1,ugreen/qbittorrent:v1,0.2881398252184769,2356.421875,30.535310964677393,0,0,0.0,0.0,20
2026-04-14T22:01:19.463190,qbittorrent-app-1,ugreen/qbittorrent:v1,0.5130586766541823,2349.70703125,30.448297750209814,0,0,0.0,0.0,20
2026-04-14T22:01:30.485360,qbittorrent-app-1,ugreen/qbittorrent:v1,0.05644110275689223,2349.74609375,30.44880393528525,0,0,0.0,0.0,20
2026-04-14T22:01:41.508272,qbittorrent-app-1,ugreen/qbittorrent:v1,0.4194756554307116,2349.7890625,30.44936073886823,0,0,0.0,0.0,20
2026-04-14T22:01:52.533182,qbittorrent-app-1,ugreen/qbittorrent:v1,0.44389027431421446,2349.80078125,30.44951259439086,0,0,0.0,0.0,20
2026-04-14T22:02:03.563083,qbittorrent-app-1,ugreen/qbittorrent:v1,0.2006982543640898,2349.71484375,30.448398987224902,0,0,0.0,0.0,20
2026-04-14T22:02:14.584368,qbittorrent-app-1,ugreen/qbittorrent:v1,0.27384230287859823,2336.12109375,30.272246580972904,0,0,0.0,0.0,20
2026-04-14T22:02:25.610783,qbittorrent-app-1,ugreen/qbittorrent:v1,1.8596000000000001,2336.1640625,30.272803384555893,0,0,0.0,0.0,20
2026-04-14T22:02:36.635207,qbittorrent-app-1,ugreen/qbittorrent:v1,0.6838805970149253,2336.125,30.27229719948045,0,0,0.0,0.0,20
2026-04-14T22:02:47.658387,qbittorrent-app-1,ugreen/qbittorrent:v1,0.054436090225563914,2336.18359375,30.273056477093608,0,0,0.0,0.0,20
2026-04-14T22:02:58.686462,qbittorrent-app-1,ugreen/qbittorrent:v1,0.3855,2336.28125,30.2743219397822,0,0,0.0,0.0,20
2026-04-14T22:03:09.710947,qbittorrent-app-1,ugreen/qbittorrent:v1,0.7046384039900249,2336.06640625,30.2715379218673,0,0,0.0,0.0,20
2026-04-14T22:03:20.732057,qbittorrent-app-1,ugreen/qbittorrent:v1,0.6018523153942428,2336.03125,30.271082355299406,0,0,0.0,0.0,20
2026-04-14T22:03:31.754293,qbittorrent-app-1,ugreen/qbittorrent:v1,0.46663341645885287,2336.1796875,30.27300585858606,0,0,0.0,0.0,20
2026-04-14T22:03:42.778722,qbittorrent-app-1,ugreen/qbittorrent:v1,0.5196504369538077,2336.25390625,30.27396761022939,0,0,0.0,0.0,20
2026-04-14T22:03:53.805234,qbittorrent-app-1,ugreen/qbittorrent:v1,0.44335419274092613,2336.33984375,30.275081217395357,0,0,0.0,0.0,20
2026-04-14T22:04:04.829141,qbittorrent-app-1,ugreen/qbittorrent:v1,0.5225062656641604,2336.05859375,30.27143668485221,0,0,0.0,0.0,20
2026-04-14T22:04:15.851723,qbittorrent-app-1,ugreen/qbittorrent:v1,0.3351188986232791,2336.3125,30.274726887842547,0,0,0.0,0.0,20
2026-04-14T22:04:26.872339,qbittorrent-app-1,ugreen/qbittorrent:v1,0.7755610972568578,2336.12890625,30.272347817987992,0,0,0.0,0.0,20
2026-04-14T22:04:37.896188,qbittorrent-app-1,ugreen/qbittorrent:v1,0.49737827715355803,2336.109375,30.272094725450277,0,0,0.0,0.0,20
2026-04-14T22:04:48.923688,qbittorrent-app-1,ugreen/qbittorrent:v1,0.2362047440699126,2336.63671875,30.27892822396867,0,0,0.0,0.0,20
2026-04-14T22:04:59.949756,qbittorrent-app-1,ugreen/qbittorrent:v1,0.4225717852684145,2336.29296875,30.27447379530483,0,0,0.0,0.0,20
2026-04-14T22:05:10.973529,qbittorrent-app-1,ugreen/qbittorrent:v1,0.286111801242236,2336.0234375,30.27098111828432,0,0,0.0,0.0,20
2026-04-14T22:05:22.003330,qbittorrent-app-1,ugreen/qbittorrent:v1,0.7590049751243781,2336.5,30.277156576204646,0,0,0.0,0.0,20
2026-04-14T22:05:33.024799,qbittorrent-app-1,ugreen/qbittorrent:v1,0.2523,2336.3203125,30.274828124857635,0,0,0.0,0.0,20
2026-04-14T22:05:44.046579,qbittorrent-app-1,ugreen/qbittorrent:v1,0.5474157303370786,2336.10546875,30.272044106942737,0,0,0.0,0.0,20
2026-04-14T22:05:55.070458,qbittorrent-app-1,ugreen/qbittorrent:v1,2.855230961298377,2336.16796875,30.272854003063433,0,0,0.0,0.0,20
2026-04-14T22:06:06.093070,qbittorrent-app-1,ugreen/qbittorrent:v1,0.9054317897371714,2336.1015625,30.27199348843519,0,0,0.0,0.0,19
2026-04-14T22:06:17.116805,qbittorrent-app-1,ugreen/qbittorrent:v1,1.218407960199005,2336.55859375,30.2779158538178,0,0,0.0,0.0,20
2026-04-14T22:06:28.141963,qbittorrent-app-1,ugreen/qbittorrent:v1,0.9819451371571073,2336.1875,30.273107095601148,0,0,0.0,0.0,20
2026-04-14T22:06:39.175101,qbittorrent-app-1,ugreen/qbittorrent:v1,0.5679900124843945,2336.171875,30.27290462157098,0,0,0.0,0.0,20
2026-04-14T22:06:50.200248,qbittorrent-app-1,ugreen/qbittorrent:v1,0.2446057571964956,2337.07421875,30.284597496813564,0,0,0.0,0.0,21
2026-04-14T22:07:01.223240,qbittorrent-app-1,ugreen/qbittorrent:v1,0.7735,2337.19140625,30.286116052039873,0,0,0.0,0.0,21
2026-04-14T22:07:12.246561,qbittorrent-app-1,ugreen/qbittorrent:v1,0.36601503759398496,2337.19921875,30.28621728905496,0,0,0.0,0.0,21
2026-04-14T22:07:23.270335,qbittorrent-app-1,ugreen/qbittorrent:v1,0.34496878901373285,2337.16796875,30.28581234099461,0,0,0.0,0.0,21
2026-04-14T22:07:34.296981,qbittorrent-app-1,ugreen/qbittorrent:v1,0.4051063829787234,2337.32421875,30.28783708129636,0,0,0.0,0.0,21
2026-04-14T22:07:45.321639,qbittorrent-app-1,ugreen/qbittorrent:v1,0.15860696517412937,2337.33984375,30.288039555326534,0,0,0.0,0.0,21
2026-04-14T22:07:56.345548,qbittorrent-app-1,ugreen/qbittorrent:v1,0.2122347066167291,2337.51171875,30.29026676965846,0,0,0.0,0.0,21
2026-04-14T22:08:07.371785,qbittorrent-app-1,ugreen/qbittorrent:v1,0.0603,2337.55859375,30.29087419174898,0,0,0.0,0.0,20
2026-04-14T22:08:18.398190,qbittorrent-app-1,ugreen/qbittorrent:v1,0.33835411471321697,2337.59375,30.291329758316877,0,0,0.0,0.0,20
2026-04-14T22:08:29.426879,qbittorrent-app-1,ugreen/qbittorrent:v1,0.5423441396508728,2337.51953125,30.290368006673546,0,0,0.0,0.0,20
2026-04-14T22:08:40.451906,qbittorrent-app-1,ugreen/qbittorrent:v1,0.2195744680851064,2337.48046875,30.28986182159811,0,0,0.0,0.0,20
2026-04-14T22:08:51.479546,qbittorrent-app-1,ugreen/qbittorrent:v1,0.08639999999999999,2337.52734375,30.290469243688634,0,0,0.0,0.0,20
2026-04-14T22:09:02.504314,qbittorrent-app-1,ugreen/qbittorrent:v1,0.2103370786516854,2337.5,30.290114914135824,0,0,0.0,0.0,20
2026-04-14T22:09:13.531284,qbittorrent-app-1,ugreen/qbittorrent:v1,0.5934164588528679,2337.55078125,30.290772954733892,0,0,0.0,0.0,20
2026-04-14T22:09:24.556317,qbittorrent-app-1,ugreen/qbittorrent:v1,0.3384,2337.5234375,30.290418625181086,0,0,0.0,0.0,20
2026-04-14T22:09:35.577948,qbittorrent-app-1,ugreen/qbittorrent:v1,0.28099750623441394,2337.5546875,30.290823573241436,0,0,0.0,0.0,20
2026-04-14T22:09:46.599856,qbittorrent-app-1,ugreen/qbittorrent:v1,0.14801498127340823,2337.42578125,30.289153162492493,0,0,0.0,0.0,20
2026-04-14T22:09:57.624114,qbittorrent-app-1,ugreen/qbittorrent:v1,0.17318352059925093,2337.48046875,30.28986182159811,0,0,0.0,0.0,20
2026-04-14T22:10:08.644261,qbittorrent-app-1,ugreen/qbittorrent:v1,0.2529837702871411,2337.48828125,30.289963058613196,0,0,0.0,0.0,19
2026-04-14T22:10:19.668464,qbittorrent-app-1,ugreen/qbittorrent:v1,0.0763,2337.78125,30.29375944667897,0,0,0.0,0.0,19
2026-04-14T22:10:30.692222,qbittorrent-app-1,ugreen/qbittorrent:v1,0.20413449564134495,2337.484375,30.28991244010565,0,0,0.0,0.0,19
2026-04-14T22:10:41.717891,qbittorrent-app-1,ugreen/qbittorrent:v1,0.328789013732834,2337.5078125,30.29021615115091,0,0,0.0,0.0,20
2026-04-14T22:10:52.743631,qbittorrent-app-1,ugreen/qbittorrent:v1,0.0452,2337.47265625,30.28976058458302,0,0,0.0,0.0,20
2026-04-14T22:11:03.766606,qbittorrent-app-1,ugreen/qbittorrent:v1,0.4026966292134832,2337.63671875,30.291886561899855,0,0,0.0,0.0,22
2026-04-14T22:11:14.792958,qbittorrent-app-1,ugreen/qbittorrent:v1,0.16817955112219451,2337.66015625,30.29219027294512,0,0,0.0,0.0,22
2026-04-14T22:11:25.819444,qbittorrent-app-1,ugreen/qbittorrent:v1,0.2291,2337.71875,30.292949550558273,0,0,0.0,0.0,22
2026-04-14T22:11:36.839224,qbittorrent-app-1,ugreen/qbittorrent:v1,0.17964912280701756,2337.97265625,30.29623975354861,0,0,0.0,0.0,22
2026-04-14T22:11:47.863910,qbittorrent-app-1,ugreen/qbittorrent:v1,0.14671660424469413,2338.0,30.296594083101414,0,0,0.0,0.0,22
2026-04-14T22:11:58.887409,qbittorrent-app-1,ugreen/qbittorrent:v1,0.5591969887076537,2338.01953125,30.296847175639137,0,0,0.0,0.0,22
2026-04-14T22:12:09.912561,qbittorrent-app-1,ugreen/qbittorrent:v1,0.2479601990049751,2337.83203125,30.294417487277038,0,0,0.0,0.0,22
2026-04-14T22:12:20.936713,qbittorrent-app-1,ugreen/qbittorrent:v1,0.1832290362953692,2337.90625,30.29537923892037,0,0,0.0,0.0,22
2026-04-14T22:12:31.961908,qbittorrent-app-1,ugreen/qbittorrent:v1,0.1338,2337.9453125,30.295885423995806,0,0,0.0,0.0,22
2026-04-14T22:12:42.986633,qbittorrent-app-1,ugreen/qbittorrent:v1,0.19805243445692886,2337.8515625,30.29467057981476,0,0,0.0,0.0,20
2026-04-14T22:12:54.012632,qbittorrent-app-1,ugreen/qbittorrent:v1,0.3728,2338.2109375,30.299327482508776,0,0,0.0,0.0,20
2026-04-14T22:13:05.036693,qbittorrent-app-1,ugreen/qbittorrent:v1,0.11684605757196495,2338.01953125,30.296847175639137,0,0,0.0,0.0,20
2026-04-14T22:13:16.061111,qbittorrent-app-1,ugreen/qbittorrent:v1,0.12405506883604507,2337.96875,30.296189135041068,0,0,0.0,0.0,20
2026-04-14T22:13:27.088376,qbittorrent-app-1,ugreen/qbittorrent:v1,0.12363636363636364,2338.11328125,30.298062019820183,0,0,0.0,0.0,20
2026-04-14T22:13:38.115886,qbittorrent-app-1,ugreen/qbittorrent:v1,0.04798004987531172,2338.03125,30.296999031161764,0,0,0.0,0.0,20
2026-04-14T22:13:49.139724,qbittorrent-app-1,ugreen/qbittorrent:v1,0.405892634207241,2337.984375,30.296391609071243,0,0,0.0,0.0,20
2026-04-14T22:14:00.166223,qbittorrent-app-1,ugreen/qbittorrent:v1,0.15701863354037265,2338.078125,30.29760645325229,0,0,0.0,0.0,20
2026-04-14T22:14:11.198225,qbittorrent-app-1,ugreen/qbittorrent:v1,0.14653366583541147,2338.12109375,30.29816325683527,0,0,0.0,0.0,20
2026-04-14T22:14:22.221344,qbittorrent-app-1,ugreen/qbittorrent:v1,0.1348,2338.5546875,30.303781911172617,0,0,0.0,0.0,20
2026-04-14T22:14:33.249579,qbittorrent-app-1,ugreen/qbittorrent:v1,0.11705368289637952,2338.0390625,30.29710026817685,0,0,0.0,0.0,20
2026-04-14T22:14:44.271660,qbittorrent-app-1,ugreen/qbittorrent:v1,0.6502615193026152,2338.04296875,30.2971508866844,0,0,0.0,0.0,20
2026-04-14T22:14:55.298092,qbittorrent-app-1,ugreen/qbittorrent:v1,0.03325842696629214,2338.02734375,30.296948412654224,0,0,0.0,0.0,20
2026-04-14T22:15:06.325650,qbittorrent-app-1,ugreen/qbittorrent:v1,0.17057356608478802,2338.02734375,30.296948412654224,0,0,0.0,0.0,21
2026-04-14T22:15:17.352042,qbittorrent-app-1,ugreen/qbittorrent:v1,0.17206982543640897,2338.078125,30.29760645325229,0,0,0.0,0.0,20
2026-04-14T22:15:28.377053,qbittorrent-app-1,ugreen/qbittorrent:v1,0.08628428927680798,2337.9921875,30.29649284608633,0,0,0.0,0.0,20
2026-04-14T22:15:39.402780,qbittorrent-app-1,ugreen/qbittorrent:v1,0.32299999999999995,2338.06640625,30.297454597729654,0,0,0.0,0.0,20
2026-04-14T22:15:50.430838,qbittorrent-app-1,ugreen/qbittorrent:v1,0.1900751879699248,2338.01171875,30.29674593862405,0,0,0.0,0.0,19
2026-04-14T22:16:01.453501,qbittorrent-app-1,ugreen/qbittorrent:v1,0.0919447929736512,2338.0390625,30.29710026817685,0,0,0.0,0.0,19
2026-04-14T22:16:12.479123,qbittorrent-app-1,ugreen/qbittorrent:v1,0.1746633416458853,2338.0703125,30.2975052162372,0,0,0.0,0.0,19
2026-04-14T22:16:23.504324,qbittorrent-app-1,ugreen/qbittorrent:v1,0.10099502487562188,2338.28125,30.30023861564456,0,0,0.0,0.0,19
2026-04-14T22:16:34.528404,qbittorrent-app-1,ugreen/qbittorrent:v1,1.0548813982521847,2338.03515625,30.29704964966931,0,0,0.0,0.0,19
2026-04-14T22:16:45.556897,qbittorrent-app-1,ugreen/qbittorrent:v1,0.11715355805243445,2338.03125,30.296999031161764,0,0,0.0,0.0,19
2026-04-14T22:16:56.583272,qbittorrent-app-1,ugreen/qbittorrent:v1,0.06302122347066168,2338.03125,30.296999031161764,0,0,0.0,0.0,19
2026-04-14T22:17:07.606782,qbittorrent-app-1,ugreen/qbittorrent:v1,0.1767,2338.02734375,30.296948412654224,0,0,0.0,0.0,19
2026-04-14T22:17:18.633266,qbittorrent-app-1,ugreen/qbittorrent:v1,1.3225531914893616,2338.02734375,30.296948412654224,0,0,0.0,0.0,19
2026-04-14T22:17:29.660480,qbittorrent-app-1,ugreen/qbittorrent:v1,0.209813200498132,2338.0234375,30.296897794146677,0,0,0.0,0.0,19
2026-04-14T22:17:40.682209,qbittorrent-app-1,ugreen/qbittorrent:v1,0.04715894868585732,2338.02734375,30.296948412654224,0,0,0.0,0.0,19
2026-04-14T22:17:51.703335,qbittorrent-app-1,ugreen/qbittorrent:v1,0.4374531835205992,2338.015625,30.29679655713159,0,0,0.0,0.0,19
2026-04-14T22:18:02.727539,qbittorrent-app-1,ugreen/qbittorrent:v1,0.0726,2338.02734375,30.296948412654224,0,0,0.0,0.0,19
2026-04-14T22:18:13.748964,qbittorrent-app-1,ugreen/qbittorrent:v1,0.6332,2338.05078125,30.297252123699487,0,0,0.0,0.0,19
2026-04-14T22:18:24.768528,qbittorrent-app-1,ugreen/qbittorrent:v1,0.3153,2338.28125,30.30023861564456,0,0,0.0,0.0,19
2026-04-14T22:18:35.790868,qbittorrent-app-1,ugreen/qbittorrent:v1,1.9855,2337.9765625,30.296290372056156,0,0,0.0,0.0,19
2026-04-14T22:18:46.811458,qbittorrent-app-1,ugreen/qbittorrent:v1,0.15480649188514356,2337.9375,30.29578418698072,0,0,0.0,0.0,19
2026-04-14T22:18:57.836022,qbittorrent-app-1,ugreen/qbittorrent:v1,0.2365,2338.234375,30.29963119355404,0,0,0.0,0.0,19
2026-04-14T22:19:08.859983,qbittorrent-app-1,ugreen/qbittorrent:v1,0.10759999999999999,2338.01171875,30.29674593862405,0,0,0.0,0.0,19
2026-04-14T22:19:19.884014,qbittorrent-app-1,ugreen/qbittorrent:v1,0.5244444444444445,2338.171875,30.29882129743334,0,0,0.0,0.0,19
2026-04-14T22:19:30.910458,qbittorrent-app-1,ugreen/qbittorrent:v1,0.2059,2337.9921875,30.29649284608633,0,0,0.0,0.0,19
2026-04-14T22:19:41.937372,qbittorrent-app-1,ugreen/qbittorrent:v1,0.014799999999999999,2337.97265625,30.29623975354861,0,0,0.0,0.0,19
2026-04-14T22:19:52.961386,qbittorrent-app-1,ugreen/qbittorrent:v1,0.17371714643304131,2337.9921875,30.29649284608633,0,0,0.0,0.0,19
2026-04-14T22:20:03.982666,qbittorrent-app-1,ugreen/qbittorrent:v1,0.12254681647940074,2337.96484375,30.29613851653352,0,0,0.0,0.0,19
2026-04-14T22:20:15.007310,qbittorrent-app-1,ugreen/qbittorrent:v1,0.23164179104477614,2337.99609375,30.296543464593874,0,0,0.0,0.0,19
2026-04-14T22:20:26.032445,qbittorrent-app-1,ugreen/qbittorrent:v1,0.112540675844806,2338.01953125,30.296847175639137,0,0,0.0,0.0,19
2026-04-14T22:20:37.059863,qbittorrent-app-1,ugreen/qbittorrent:v1,0.18822942643391521,2338.015625,30.29679655713159,0,0,0.0,0.0,19
2026-04-14T22:20:48.085304,qbittorrent-app-1,ugreen/qbittorrent:v1,0.1142857142857143,2338.01171875,30.29674593862405,0,0,0.0,0.0,19
2026-04-14T22:20:59.109997,qbittorrent-app-1,ugreen/qbittorrent:v1,0.09907615480649189,2337.99609375,30.296543464593874,0,0,0.0,0.0,19
2026-04-14T22:21:10.130722,qbittorrent-app-1,ugreen/qbittorrent:v1,0.5383,2337.9921875,30.29649284608633,0,0,0.0,0.0,19
2026-04-14T22:21:21.154847,qbittorrent-app-1,ugreen/qbittorrent:v1,0.7917310087173101,2338.26171875,30.29998552310684,0,0,0.0,0.0,20
2026-04-14T22:21:32.185225,qbittorrent-app-1,ugreen/qbittorrent:v1,0.2693532338308458,2338.8359375,30.307426443715762,0,0,0.0,0.0,20
2026-04-14T22:21:43.215368,qbittorrent-app-1,ugreen/qbittorrent:v1,0.9829712858926343,2338.9375,30.308742524911896,0,0,0.0,0.0,21
2026-04-14T22:21:54.238922,qbittorrent-app-1,ugreen/qbittorrent:v1,2.1463171036204742,2340.6328125,30.330710957185854,0,0,0.0,0.0,21
2026-04-14T22:22:05.266527,qbittorrent-app-1,ugreen/qbittorrent:v1,1.3646057571964956,2345.24609375,30.390491414594933,0,0,0.0,0.0,21
2026-04-14T22:22:16.290085,qbittorrent-app-1,ugreen/qbittorrent:v1,0.07979949874686718,2345.81640625,30.39788171669631,0,0,0.0,0.0,21
2026-04-14T22:22:27.312238,qbittorrent-app-1,ugreen/qbittorrent:v1,0.11920398009950249,2345.86328125,30.39848913878684,0,0,0.0,0.0,21
2026-04-14T22:22:38.336637,qbittorrent-app-1,ugreen/qbittorrent:v1,2.097556109725686,2347.75390625,30.422988496437974,0,0,0.0,0.0,29
2026-04-14T22:22:49.361949,qbittorrent-app-1,ugreen/qbittorrent:v1,1.5407740324594257,2350.109375,30.453511456486815,0,0,0.0,0.0,29
2026-04-14T22:23:00.390362,qbittorrent-app-1,ugreen/qbittorrent:v1,2.17982478097622,2353.2109375,30.493702551476492,0,0,0.0,0.0,29
2026-04-14T22:23:11.411279,qbittorrent-app-1,ugreen/qbittorrent:v1,0.7454681647940076,2356.6875,30.538753023190363,0,0,0.0,0.0,29
2026-04-14T22:23:22.434441,qbittorrent-app-1,ugreen/qbittorrent:v1,3.3893632958801496,2359.37109375,30.573527937872868,0,0,0.0,0.0,29
2026-04-14T22:23:33.460406,qbittorrent-app-1,ugreen/qbittorrent:v1,0.9375561097256858,2363.13671875,30.62232417914497,0,0,0.0,0.0,29
2026-04-14T22:23:44.484005,qbittorrent-app-1,ugreen/qbittorrent:v1,1.4463840399002494,2366.875,30.67076609086427,0,0,0.0,0.0,29
2026-04-14T22:23:55.507314,qbittorrent-app-1,ugreen/qbittorrent:v1,0.552826899128269,2369.8671875,30.709539867642725,0,0,0.0,0.0,29
2026-04-14T22:24:06.534373,qbittorrent-app-1,ugreen/qbittorrent:v1,0.48159600997506236,2373.20703125,30.75281869159257,0,0,0.0,0.0,29
2026-04-14T22:24:17.557681,qbittorrent-app-1,ugreen/qbittorrent:v1,0.055006273525721454,2373.1875,30.752565599054847,0,0,0.0,0.0,29
2026-04-14T22:24:28.584155,qbittorrent-app-1,ugreen/qbittorrent:v1,0.7621,2374.21875,30.765928885046385,0,0,0.0,0.0,22
2026-04-14T22:24:39.610641,qbittorrent-app-1,ugreen/qbittorrent:v1,1.1807,2376.3046875,30.792959168074706,0,0,0.0,0.0,22
2026-04-14T22:24:50.636804,qbittorrent-app-1,ugreen/qbittorrent:v1,2.6174436090225566,2379.7578125,30.837705928743315,0,0,0.0,0.0,22
2026-04-14T22:25:01.656362,qbittorrent-app-1,ugreen/qbittorrent:v1,1.021469489414695,2382.28515625,30.870456103124074,0,0,0.0,0.0,22
2026-04-14T22:25:12.681631,qbittorrent-app-1,ugreen/qbittorrent:v1,2.4089887640449437,2380.703125,30.849955607568884,0,0,0.0,0.0,22
2026-04-14T22:25:23.706643,qbittorrent-app-1,ugreen/qbittorrent:v1,2.8525,2384.9765625,30.905332254821666,0,0,0.0,0.0,22
2026-04-14T22:25:34.732643,qbittorrent-app-1,ugreen/qbittorrent:v1,2.5836,2388.23828125,30.94759870862063,0,0,0.0,0.0,22
2026-04-14T22:25:45.757893,qbittorrent-app-1,ugreen/qbittorrent:v1,0.11103879849812266,2388.9609375,30.956963132516215,0,0,0.0,0.0,22
2026-04-14T22:25:56.786192,qbittorrent-app-1,ugreen/qbittorrent:v1,0.8463262764632627,2391.9921875,30.996243094370108,0,0,0.0,0.0,22
2026-04-14T22:26:07.811561,qbittorrent-app-1,ugreen/qbittorrent:v1,1.8929016189290164,2393.9296875,31.02134987411177,0,0,0.0,0.0,22
2026-04-14T22:26:18.835567,qbittorrent-app-1,ugreen/qbittorrent:v1,0.09108614232209739,2385.765625,30.91555719334549,0,0,0.0,0.0,22
2026-04-14T22:26:29.858021,qbittorrent-app-1,ugreen/qbittorrent:v1,3.0903,2388.16015625,30.94658633846976,0,0,0.0,0.0,21
2026-04-14T22:26:40.883728,qbittorrent-app-1,ugreen/qbittorrent:v1,4.420926157697122,2393.0234375,31.00960638036164,0,0,0.0,0.0,21
2026-04-14T22:26:51.909111,qbittorrent-app-1,ugreen/qbittorrent:v1,2.629460476787955,2395.8203125,31.04584923176291,0,0,0.0,0.0,21
2026-04-14T22:27:02.931742,qbittorrent-app-1,ugreen/qbittorrent:v1,0.30711610486891383,2399.7265625,31.09646773930659,0,0,0.0,0.0,21
2026-04-14T22:27:13.959313,qbittorrent-app-1,ugreen/qbittorrent:v1,1.563408521303258,2403.19921875,31.141467592512917,0,0,0.0,0.0,21
2026-04-14T22:27:24.981908,qbittorrent-app-1,ugreen/qbittorrent:v1,0.9331335830212235,2405.6171875,31.17280044868245,0,0,0.0,0.0,21
2026-04-14T22:27:36.007967,qbittorrent-app-1,ugreen/qbittorrent:v1,1.57103620474407,2408.85546875,31.214763191436155,0,0,0.0,0.0,21
2026-04-14T22:27:47.035645,qbittorrent-app-1,ugreen/qbittorrent:v1,0.8698254364089775,2411.4609375,31.248525735967792,0,0,0.0,0.0,21
2026-04-14T22:27:58.059229,qbittorrent-app-1,ugreen/qbittorrent:v1,0.23213930348258707,2411.69921875,31.251613464927953,0,0,0.0,0.0,21
2026-04-14T22:28:09.083528,qbittorrent-app-1,ugreen/qbittorrent:v1,0.550287859824781,2412.859375,31.266647161668427,0,0,0.0,0.0,29
2026-04-14T22:28:20.112091,qbittorrent-app-1,ugreen/qbittorrent:v1,0.44380000000000003,2415.1953125,31.296917029179543,0,0,0.0,0.0,29
2026-04-14T22:28:31.133221,qbittorrent-app-1,ugreen/qbittorrent:v1,0.3691844416562108,2417.2265625,31.32323865310226,0,0,0.0,0.0,29
2026-04-14T22:28:42.151777,qbittorrent-app-1,ugreen/qbittorrent:v1,1.2904260651629074,2420.94921875,31.37147809079138,0,0,0.0,0.0,29
2026-04-14T22:28:53.175764,qbittorrent-app-1,ugreen/qbittorrent:v1,0.4714214463840399,2423.2734375,31.401596102779866,0,0,0.0,0.0,29
2026-04-14T22:29:04.197511,qbittorrent-app-1,ugreen/qbittorrent:v1,1.3197014925373134,2428.33984375,31.467248307064015,0,0,0.0,0.0,29
2026-04-14T22:29:15.221282,qbittorrent-app-1,ugreen/qbittorrent:v1,0.1740648379052369,2432.0234375,31.5149815596777,0,0,0.0,0.0,29
2026-04-14T22:29:26.247004,qbittorrent-app-1,ugreen/qbittorrent:v1,1.3898254364089777,2431.265625,31.50516156921423,0,0,0.0,0.0,22
2026-04-14T22:29:37.270624,qbittorrent-app-1,ugreen/qbittorrent:v1,2.2854135338345865,2432.7578125,31.52449783909591,0,0,0.0,0.0,22
2026-04-14T22:29:48.292155,qbittorrent-app-1,ugreen/qbittorrent:v1,0.6234620174346203,2435.9375,31.565701304236466,0,0,0.0,0.0,22
2026-04-14T22:29:59.318409,qbittorrent-app-1,ugreen/qbittorrent:v1,2.193241551939925,2438.984375,31.605183740120534,0,0,0.0,0.0,23
2026-04-14T22:30:10.343161,qbittorrent-app-1,ugreen/qbittorrent:v1,2.5195989974937345,2442.484375,31.650537922879668,0,0,0.0,0.0,22
2026-04-14T22:30:21.369779,qbittorrent-app-1,ugreen/qbittorrent:v1,3.0731,2438.77734375,31.60250095922072,0,0,0.0,0.0,21
2026-04-14T22:30:32.396581,qbittorrent-app-1,ugreen/qbittorrent:v1,1.5545568039950064,2441.90625,31.643046383763203,0,0,0.0,0.0,21
2026-04-14T22:30:43.420520,qbittorrent-app-1,ugreen/qbittorrent:v1,1.1120802005012531,2445.05078125,31.683794282335864,0,0,0.0,0.0,21
2026-04-14T22:30:54.446104,qbittorrent-app-1,ugreen/qbittorrent:v1,1.2434,2448.79296875,31.732286812562705,0,0,0.0,0.0,21
2026-04-14T22:31:05.474985,qbittorrent-app-1,ugreen/qbittorrent:v1,0.6694631710362048,2452.84375,31.784778204885495,0,0,0.0,0.0,21
2026-04-14T22:31:16.502860,qbittorrent-app-1,ugreen/qbittorrent:v1,1.0941323345817728,2453.76171875,31.79667355415826,0,0,0.0,0.0,21
2026-04-14T22:31:27.532125,qbittorrent-app-1,ugreen/qbittorrent:v1,1.3821722846441948,2457.625,31.846735258118958,0,0,0.0,0.0,21
2026-04-14T22:31:38.560112,qbittorrent-app-1,ugreen/qbittorrent:v1,0.8482999999999999,2454.5234375,31.806544163129274,0,0,0.0,0.0,21
2026-04-14T22:31:49.581769,qbittorrent-app-1,ugreen/qbittorrent:v1,1.0592759051186018,2458.2734375,31.855137930371207,0,0,0.0,0.0,21
2026-04-14T22:32:00.611184,qbittorrent-app-1,ugreen/qbittorrent:v1,1.62406015037594,2462.31640625,31.90752808567891,0,0,0.0,0.0,21
2026-04-14T22:32:11.639892,qbittorrent-app-1,ugreen/qbittorrent:v1,2.1293765586034916,2466.5703125,31.962651640393975,0,0,0.0,0.0,21
2026-04-14T22:32:22.664631,qbittorrent-app-1,ugreen/qbittorrent:v1,1.9333166458072588,2471.1796875,32.02238147929551,0,0,0.0,0.0,21
2026-04-14T22:32:33.694789,qbittorrent-app-1,ugreen/qbittorrent:v1,1.0975561097256856,2475.33984375,32.07629018982953,0,0,0.0,0.0,21
2026-04-14T22:32:44.720849,qbittorrent-app-1,ugreen/qbittorrent:v1,1.7262,2471.890625,32.03159404766846,0,0,0.0,0.0,21
2026-04-14T22:32:55.746670,qbittorrent-app-1,ugreen/qbittorrent:v1,2.062691823899371,2476.20703125,32.08752749850422,0,0,0.0,0.0,21
2026-04-14T22:33:06.771358,qbittorrent-app-1,ugreen/qbittorrent:v1,1.4986,2480.1640625,32.138804046645966,0,0,0.0,0.0,21
2026-04-14T22:33:17.797540,qbittorrent-app-1,ugreen/qbittorrent:v1,2.7893999999999997,2484.12109375,32.19008059478771,0,0,0.0,0.0,21
2026-04-14T22:33:28.821863,qbittorrent-app-1,ugreen/qbittorrent:v1,1.0373033707865167,2487.70703125,32.236548384712805,0,0,0.0,0.0,22
2026-04-14T22:33:39.850567,qbittorrent-app-1,ugreen/qbittorrent:v1,1.4744,2492.0625,32.292988020624,0,0,0.0,0.0,22
2026-04-14T22:33:50.873043,qbittorrent-app-1,ugreen/qbittorrent:v1,2.036436637390213,2480.859375,32.14781414098874,0,0,0.0,0.0,22
2026-04-14T22:34:01.892262,qbittorrent-app-1,ugreen/qbittorrent:v1,1.2366169154228854,2485.27734375,32.20506367302064,0,0,0.0,0.0,22
2026-04-14T22:34:12.916940,qbittorrent-app-1,ugreen/qbittorrent:v1,1.37438202247191,2490.00390625,32.26631206714849,0,0,0.0,0.0,22
2026-04-14T22:34:23.942465,qbittorrent-app-1,ugreen/qbittorrent:v1,0.3486,2493.515625,32.31181810543025,0,0,0.0,0.0,22
2026-04-14T22:34:34.965311,qbittorrent-app-1,ugreen/qbittorrent:v1,2.7830576441102757,2498.9140625,32.381772882855614,0,0,0.0,0.0,22
2026-04-14T22:34:45.994371,qbittorrent-app-1,ugreen/qbittorrent:v1,2.1117,2503.99609375,32.44762756116993,0,0,0.0,0.0,22
2026-04-14T22:34:57.020137,qbittorrent-app-1,ugreen/qbittorrent:v1,2.364255319148936,2509.38671875,32.51748110158021,0,0,0.0,0.0,22
2026-04-14T22:35:08.045234,qbittorrent-app-1,ugreen/qbittorrent:v1,1.2604244694132334,2512.04296875,32.55190168670991,0,0,0.0,0.0,22
2026-04-14T22:35:19.071032,qbittorrent-app-1,ugreen/qbittorrent:v1,0.16750938673341678,2502.3671875,32.42651964352422,0,0,0.0,0.0,22
2026-04-14T22:35:30.096492,qbittorrent-app-1,ugreen/qbittorrent:v1,0.8068827930174562,2504.0,32.44767817967748,0,0,0.0,0.0,29
2026-04-14T22:35:41.124650,qbittorrent-app-1,ugreen/qbittorrent:v1,1.2647619047619048,2508.1328125,32.501232560658686,0,0,0.0,0.0,29
2026-04-14T22:35:52.151248,qbittorrent-app-1,ugreen/qbittorrent:v1,20.1257,2511.3828125,32.54334715893503,0,0,0.0,0.0,29
2026-04-14T22:36:03.178606,qbittorrent-app-1,ugreen/qbittorrent:v1,1.1775156838143035,2515.37890625,32.59512989215221,0,0,0.0,0.0,29
2026-04-14T22:36:14.204715,qbittorrent-app-1,ugreen/qbittorrent:v1,1.8490225563909775,2519.72265625,32.65141767254078,0,0,0.0,0.0,29
2026-04-14T22:36:25.228044,qbittorrent-app-1,ugreen/qbittorrent:v1,2.2187734668335417,2523.171875,32.696113814701846,0,0,0.0,0.0,29
2026-04-14T22:36:36.255490,qbittorrent-app-1,ugreen/qbittorrent:v1,1.7903379224030038,2527.3671875,32.75047809180375,0,0,0.0,0.0,29
2026-04-14T22:36:47.278354,qbittorrent-app-1,ugreen/qbittorrent:v1,1.38265664160401,2530.953125,32.796945881728846,0,0,0.0,0.0,29
2026-04-14T22:36:58.298947,qbittorrent-app-1,ugreen/qbittorrent:v1,2.419749373433584,2534.23046875,32.83941480955799,0,0,0.0,0.0,29
2026-04-14T22:37:09.323377,qbittorrent-app-1,ugreen/qbittorrent:v1,0.8191,2538.12890625,32.889932080086574,0,0,0.0,0.0,29
2026-04-14T22:37:20.348401,qbittorrent-app-1,ugreen/qbittorrent:v1,2.8169636135508154,2530.4296875,32.79016300171799,0,0,0.0,0.0,21
2026-04-14T22:37:31.373716,qbittorrent-app-1,ugreen/qbittorrent:v1,1.2943,2535.671875,32.85809303884161,0,0,0.0,0.0,21
2026-04-14T22:37:42.396074,qbittorrent-app-1,ugreen/qbittorrent:v1,1.213734335839599,2539.56640625,32.908559690862646,0,0,0.0,0.0,21
2026-04-14T22:37:53.417667,qbittorrent-app-1,ugreen/qbittorrent:v1,0.45840000000000003,2540.8046875,32.924605757753994,0,0,0.0,0.0,21
2026-04-14T22:38:04.445658,qbittorrent-app-1,ugreen/qbittorrent:v1,0.8135830212234707,2542.1640625,32.9422209983792,0,0,0.0,0.0,29
2026-04-14T22:38:15.471026,qbittorrent-app-1,ugreen/qbittorrent:v1,0.5334332084893882,2542.6015625,32.94789027122409,0,0,0.0,0.0,29
2026-04-14T22:38:26.497189,qbittorrent-app-1,ugreen/qbittorrent:v1,0.09041301627033793,2544.03515625,32.96646726349262,0,0,0.0,0.0,29
2026-04-14T22:38:37.523623,qbittorrent-app-1,ugreen/qbittorrent:v1,2.877994987468672,2546.48828125,32.998255686230046,0,0,0.0,0.0,29
2026-04-14T22:38:48.548634,qbittorrent-app-1,ugreen/qbittorrent:v1,0.3712,2547.4375,33.01055598356316,0,0,0.0,0.0,29
2026-04-14T22:38:59.570877,qbittorrent-app-1,ugreen/qbittorrent:v1,3.1078,2549.41796875,33.0362195668878,0,0,0.0,0.0,29
2026-04-14T22:39:10.591766,qbittorrent-app-1,ugreen/qbittorrent:v1,1.0838999999999999,2541.8125,32.93766533270027,0,0,0.0,0.0,29
2026-04-14T22:39:21.618068,qbittorrent-app-1,ugreen/qbittorrent:v1,0.8267334167709637,2544.78125,32.976135398433456,0,0,0.0,0.0,28
2026-04-14T22:39:32.643630,qbittorrent-app-1,ugreen/qbittorrent:v1,1.173632958801498,2549.5703125,33.03819368868201,0,0,0.0,0.0,28
2026-04-14T22:39:43.670162,qbittorrent-app-1,ugreen/qbittorrent:v1,2.624918851435705,2554.19921875,33.09817662012126,0,0,0.0,0.0,28
2026-04-14T22:39:54.692153,qbittorrent-app-1,ugreen/qbittorrent:v1,0.49374844333748447,2556.24609375,33.124700718074145,0,0,0.0,0.0,28
2026-04-14T22:40:05.720252,qbittorrent-app-1,ugreen/qbittorrent:v1,1.527218045112782,2559.01953125,33.16063985843016,0,0,0.0,0.0,29
2026-04-14T22:40:16.746218,qbittorrent-app-1,ugreen/qbittorrent:v1,2.285043695380774,2563.14453125,33.214093002396275,0,0,0.0,0.0,29
2026-04-14T22:40:27.777142,qbittorrent-app-1,ugreen/qbittorrent:v1,0.43609022556390975,2566.87109375,33.262383058592945,0,0,0.0,0.0,29
2026-04-14T22:40:38.801434,qbittorrent-app-1,ugreen/qbittorrent:v1,3.1954999999999996,2567.46484375,33.270077071739586,0,0,0.0,0.0,29
2026-04-14T22:40:49.830018,qbittorrent-app-1,ugreen/qbittorrent:v1,3.242653316645807,2571.16796875,33.31806341689099,0,0,0.0,0.0,29
2026-04-14T22:41:00.853869,qbittorrent-app-1,ugreen/qbittorrent:v1,3.5586449184441658,2559.47265625,33.166511605305224,0,0,0.0,0.0,29
2026-04-14T22:41:11.879800,qbittorrent-app-1,ugreen/qbittorrent:v1,2.0833915211970075,2563.80078125,33.222596911663615,0,0,0.0,0.0,29
2026-04-14T22:41:22.906852,qbittorrent-app-1,ugreen/qbittorrent:v1,2.9893,2557.609375,33.142366577206886,0,0,0.0,0.0,29
2026-04-14T22:41:33.930498,qbittorrent-app-1,ugreen/qbittorrent:v1,1.1451314142678348,2561.6640625,33.19490858803722,0,0,0.0,0.0,29
2026-04-14T22:41:44.952722,qbittorrent-app-1,ugreen/qbittorrent:v1,0.8849061326658324,2561.8359375,33.19713580236915,0,0,0.0,0.0,29
2026-04-14T22:41:55.973335,qbittorrent-app-1,ugreen/qbittorrent:v1,3.1017456359102242,2565.91015625,33.2499309057372,0,0,0.0,0.0,29
2026-04-14T22:42:06.996787,qbittorrent-app-1,ugreen/qbittorrent:v1,1.6502628285356695,2570.40625,33.30819280791997,0,0,0.0,0.0,29
2026-04-14T22:42:18.019846,qbittorrent-app-1,ugreen/qbittorrent:v1,1.866234413965087,2575.25,33.370959757274136,0,0,0.0,0.0,29
2026-04-14T22:42:29.045953,qbittorrent-app-1,ugreen/qbittorrent:v1,1.793657927590512,2580.046875,33.43311928453777,0,0,0.0,0.0,21
2026-04-14T22:42:40.070703,qbittorrent-app-1,ugreen/qbittorrent:v1,2.2807,2584.22265625,33.48723046910196,0,0,0.0,0.0,21
2026-04-14T22:42:51.091258,qbittorrent-app-1,ugreen/qbittorrent:v1,1.5192,2588.73046875,33.54564422680736,0,0,0.0,0.0,21
2026-04-14T22:43:02.116520,qbittorrent-app-1,ugreen/qbittorrent:v1,2.65733499377335,2592.984375,33.60076778152242,0,0,0.0,0.0,21
2026-04-14T22:43:13.142426,qbittorrent-app-1,ugreen/qbittorrent:v1,2.8237,2598.140625,33.667584211480076,0,0,0.0,0.0,21
2026-04-14T22:43:24.164280,qbittorrent-app-1,ugreen/qbittorrent:v1,1.3136999999999999,2602.41796875,33.7230114772404,0,0,0.0,0.0,21
2026-04-14T22:43:35.189780,qbittorrent-app-1,ugreen/qbittorrent:v1,1.2680149812734083,2605.39453125,33.76158277998868,0,0,0.0,0.0,21
2026-04-14T22:43:46.215768,qbittorrent-app-1,ugreen/qbittorrent:v1,2.4375879396984925,2609.3203125,33.81245438007008,0,0,0.0,0.0,21
2026-04-14T22:43:57.238347,qbittorrent-app-1,ugreen/qbittorrent:v1,0.0717,2613.546875,33.86722360523233,0,0,0.0,0.0,21
2026-04-14T22:44:08.263545,qbittorrent-app-1,ugreen/qbittorrent:v1,2.8169787765293384,2617.921875,33.923916333681255,0,0,0.0,0.0,21
2026-04-14T22:44:19.291827,qbittorrent-app-1,ugreen/qbittorrent:v1,0.6042446941323345,2616.7265625,33.90842707037289,0,0,0.0,0.0,21
2026-04-14T22:44:30.311733,qbittorrent-app-1,ugreen/qbittorrent:v1,1.4969712140175218,2622.00390625,33.97681267406439,0,0,0.0,0.0,21
2026-04-14T22:44:41.334581,qbittorrent-app-1,ugreen/qbittorrent:v1,2.7757089084065245,2624.046875,34.003286153509734,0,0,0.0,0.0,21
2026-04-14T22:44:52.360975,qbittorrent-app-1,ugreen/qbittorrent:v1,1.210832298136646,2628.79296875,34.064787640175304,0,0,0.0,0.0,21
2026-04-14T22:45:03.379753,qbittorrent-app-1,ugreen/qbittorrent:v1,2.5212,2631.77734375,34.10346017993867,0,0,0.0,0.0,22
2026-04-14T22:45:14.399410,qbittorrent-app-1,ugreen/qbittorrent:v1,1.8087390761548066,2635.91796875,34.15711579793496,0,0,0.0,0.0,21
2026-04-14T22:45:25.423791,qbittorrent-app-1,ugreen/qbittorrent:v1,1.3424,2638.171875,34.18632267678767,0,0,0.0,0.0,21
2026-04-14T22:45:36.448221,qbittorrent-app-1,ugreen/qbittorrent:v1,0.16529338327091136,2638.70703125,34.19325741232115,0,0,0.0,0.0,21
2026-04-14T22:45:47.473527,qbittorrent-app-1,ugreen/qbittorrent:v1,1.6621223470661675,2642.12890625,34.23759922492941,0,0,0.0,0.0,29
2026-04-14T22:45:58.502084,qbittorrent-app-1,ugreen/qbittorrent:v1,0.18057428214731586,2644.875,34.27318403573262,0,0,0.0,0.0,29
2026-04-14T22:46:09.528802,qbittorrent-app-1,ugreen/qbittorrent:v1,2.7574531835205995,2632.44921875,34.11216656323619,0,0,0.0,0.0,29
2026-04-14T22:46:20.554945,qbittorrent-app-1,ugreen/qbittorrent:v1,2.2256,2634.67578125,34.14101911253608,0,0,0.0,0.0,29
2026-04-14T22:46:31.583775,qbittorrent-app-1,ugreen/qbittorrent:v1,1.5858823529411765,2638.57421875,34.19153638306467,0,0,0.0,0.0,29
2026-04-14T22:46:42.609946,qbittorrent-app-1,ugreen/qbittorrent:v1,0.979650872817955,2640.86328125,34.221198828485264,0,0,0.0,0.0,29
2026-04-14T22:46:53.636173,qbittorrent-app-1,ugreen/qbittorrent:v1,3.428214731585518,2645.8359375,34.285636188588356,0,0,0.0,0.0,29
2026-04-14T22:47:04.660823,qbittorrent-app-1,ugreen/qbittorrent:v1,1.773865336658354,2648.44921875,34.319499970135084,0,0,0.0,0.0,29
2026-04-14T22:47:15.686946,qbittorrent-app-1,ugreen/qbittorrent:v1,0.26713216957605984,2651.59765625,34.36029848721528,0,0,0.0,0.0,29
2026-04-14T22:47:26.717685,qbittorrent-app-1,ugreen/qbittorrent:v1,1.922793017456359,2653.234375,34.381507641876084,0,0,0.0,0.0,29
2026-04-14T22:47:37.745952,qbittorrent-app-1,ugreen/qbittorrent:v1,1.1828785982478096,2656.8515625,34.42838037986153,0,0,0.0,0.0,29
2026-04-14T22:47:48.769564,qbittorrent-app-1,ugreen/qbittorrent:v1,1.9237046307884857,2659.265625,34.45966261752352,0,0,0.0,0.0,29
2026-04-14T22:47:59.799137,qbittorrent-app-1,ugreen/qbittorrent:v1,0.031799999999999995,2661.5859375,34.48973001100447,0,0,0.0,0.0,29
2026-04-14T22:48:10.823008,qbittorrent-app-1,ugreen/qbittorrent:v1,2.595934755332497,2662.609375,34.50299205998091,0,0,0.0,0.0,29
2026-04-14T22:48:21.847559,qbittorrent-app-1,ugreen/qbittorrent:v1,0.4753175591531756,2666.41015625,34.552243867820906,0,0,0.0,0.0,29
2026-04-14T22:48:32.869983,qbittorrent-app-1,ugreen/qbittorrent:v1,3.6516354556803994,2666.1484375,34.54885242781548,0,0,0.0,0.0,29
2026-04-14T22:48:43.895055,qbittorrent-app-1,ugreen/qbittorrent:v1,0.1640846824408468,2668.4375,34.578514873236074,0,0,0.0,0.0,29
2026-04-14T22:48:54.915358,qbittorrent-app-1,ugreen/qbittorrent:v1,2.735660847880299,2654.6015625,34.39922411951637,0,0,0.0,0.0,29
2026-04-14T22:49:05.938741,qbittorrent-app-1,ugreen/qbittorrent:v1,2.426633165829146,2658.5234375,34.45004510109022,0,0,0.0,0.0,29
2026-04-14T22:49:16.962584,qbittorrent-app-1,ugreen/qbittorrent:v1,3.8718000000000004,2663.6328125,34.51625410895735,0,0,0.0,0.0,29
2026-04-14T22:49:27.986922,qbittorrent-app-1,ugreen/qbittorrent:v1,0.23188986232790987,2666.5625,34.554217989615104,0,0,0.0,0.0,29
2026-04-14T22:49:39.007642,qbittorrent-app-1,ugreen/qbittorrent:v1,1.543157894736842,2670.83203125,34.609544018360346,0,0,0.0,0.0,29
2026-04-14T22:49:50.030731,qbittorrent-app-1,ugreen/qbittorrent:v1,2.5273182957393483,2672.546875,34.631765543172015,0,0,0.0,0.0,29
2026-04-14T22:50:01.053527,qbittorrent-app-1,ugreen/qbittorrent:v1,2.050563204005006,2676.953125,34.68886321968129,0,0,0.0,0.0,29
2026-04-14T22:50:12.076456,qbittorrent-app-1,ugreen/qbittorrent:v1,3.2200250312891114,2679.51171875,34.7220183421224,0,0,0.0,0.0,29
2026-04-14T22:50:23.099959,qbittorrent-app-1,ugreen/qbittorrent:v1,2.0055137844611526,2684.47265625,34.78630384670286,0,0,0.0,0.0,21
2026-04-14T22:50:34.124350,qbittorrent-app-1,ugreen/qbittorrent:v1,2.600747198007472,2670.015625,34.59896475028372,0,0,0.0,0.0,21
2026-04-14T22:50:45.151145,qbittorrent-app-1,ugreen/qbittorrent:v1,0.42766541822721593,2674.65625,34.6590995372456,0,0,0.0,0.0,21
2026-04-14T22:50:56.189690,qbittorrent-app-1,ugreen/qbittorrent:v1,1.9323153942428033,2678.24609375,34.70561794567824,0,0,0.0,0.0,21
2026-04-14T22:51:07.213815,qbittorrent-app-1,ugreen/qbittorrent:v1,1.6025902864259027,2682.35546875,34.75886861561419,0,0,0.0,0.0,21
2026-04-14T22:51:18.236164,qbittorrent-app-1,ugreen/qbittorrent:v1,0.08120451693851945,2685.58203125,34.80067950284527,0,0,0.0,0.0,21
2026-04-14T22:51:29.256053,qbittorrent-app-1,ugreen/qbittorrent:v1,2.53812734082397,2690.41796875,34.86334521518434,0,0,0.0,0.0,21
2026-04-14T22:51:40.282114,qbittorrent-app-1,ugreen/qbittorrent:v1,0.21661229611041408,2692.13671875,34.88561735850356,0,0,0.0,0.0,21
2026-04-14T22:51:51.303845,qbittorrent-app-1,ugreen/qbittorrent:v1,2.6585463659147868,2696.921875,34.94762503024455,0,0,0.0,0.0,21
2026-04-14T22:52:02.326967,qbittorrent-app-1,ugreen/qbittorrent:v1,1.8933333333333333,2699.80078125,34.98493087030425,0,0,0.0,0.0,21
2026-04-14T22:52:13.344620,qbittorrent-app-1,ugreen/qbittorrent:v1,1.62406015037594,2701.94140625,35.012669812438176,0,0,0.0,0.0,21
2026-04-14T22:52:24.367850,qbittorrent-app-1,ugreen/qbittorrent:v1,0.28600000000000003,2703.48046875,35.03261350441039,0,0,0.0,0.0,21
2026-04-14T22:52:35.390862,qbittorrent-app-1,ugreen/qbittorrent:v1,1.031077694235589,2708.16015625,35.09325447644772,0,0,0.0,0.0,21
2026-04-14T22:52:46.415040,qbittorrent-app-1,ugreen/qbittorrent:v1,0.9923,2709.73046875,35.11360311648028,0,0,0.0,0.0,21
2026-04-14T22:52:57.438000,qbittorrent-app-1,ugreen/qbittorrent:v1,1.7829426433915212,2700.37890625,34.99242240942071,0,0,0.0,0.0,21
2026-04-14T22:53:08.459300,qbittorrent-app-1,ugreen/qbittorrent:v1,1.000549313358302,2702.125,35.01504888229274,0,0,0.0,0.0,21
2026-04-14T22:53:19.480440,qbittorrent-app-1,ugreen/qbittorrent:v1,0.11640897755610972,2702.53125,35.02031320707727,0,0,0.0,0.0,21
2026-04-14T22:53:30.505652,qbittorrent-app-1,ugreen/qbittorrent:v1,2.8646231155778894,2704.8828125,35.05078554861857,0,0,0.0,0.0,29
2026-04-14T22:53:41.524626,qbittorrent-app-1,ugreen/qbittorrent:v1,0.2758448060075094,2707.30078125,35.082118404788105,0,0,0.0,0.0,29
2026-04-14T22:53:52.546608,qbittorrent-app-1,ugreen/qbittorrent:v1,2.6583312577833125,2711.5,35.13653330039756,0,0,0.0,0.0,29
2026-04-14T22:54:03.572886,qbittorrent-app-1,ugreen/qbittorrent:v1,3.7164,2715.09375,35.18310232733774,0,0,0.0,0.0,29
2026-04-14T22:54:14.594862,qbittorrent-app-1,ugreen/qbittorrent:v1,1.7314427860696517,2718.94921875,35.23306279428335,0,0,0.0,0.0,29
2026-04-14T22:54:25.622186,qbittorrent-app-1,ugreen/qbittorrent:v1,1.232280701754386,2722.70703125,35.28175779854036,0,0,0.0,0.0,29
2026-04-14T22:54:36.645852,qbittorrent-app-1,ugreen/qbittorrent:v1,2.2488778054862846,2723.640625,35.2938556218433,0,0,0.0,0.0,29
2026-04-14T22:54:47.671762,qbittorrent-app-1,ugreen/qbittorrent:v1,0.38904109589041097,2725.33203125,35.315773435609714,0,0,0.0,0.0,29
2026-04-14T22:54:58.693526,qbittorrent-app-1,ugreen/qbittorrent:v1,2.001496259351621,2725.65234375,35.3199241532283,0,0,0.0,0.0,29
2026-04-14T22:55:09.716610,qbittorrent-app-1,ugreen/qbittorrent:v1,2.6168710888610764,2730.1640625,35.37838852944124,0,0,0.0,0.0,29
2026-04-14T22:55:20.736501,qbittorrent-app-1,ugreen/qbittorrent:v1,0.5274,2733.44140625,35.42085745727039,0,0,0.0,0.0,29
2026-04-14T22:55:31.759312,qbittorrent-app-1,ugreen/qbittorrent:v1,0.2507730673316708,2734.54296875,35.435131876397705,0,0,0.0,0.0,29
2026-04-14T22:55:42.783708,qbittorrent-app-1,ugreen/qbittorrent:v1,2.6989788293897883,2737.84375,35.47790451527211,0,0,0.0,0.0,29
2026-04-14T22:55:53.805270,qbittorrent-app-1,ugreen/qbittorrent:v1,0.23470661672908866,2740.30859375,35.50984479353217,0,0,0.0,0.0,29
2026-04-14T22:56:04.830266,qbittorrent-app-1,ugreen/qbittorrent:v1,1.5582521847690387,2741.5859375,35.52639704549895,0,0,0.0,0.0,29
2026-04-14T22:56:15.853417,qbittorrent-app-1,ugreen/qbittorrent:v1,1.3098626716604245,2745.9609375,35.58308977394787,0,0,0.0,0.0,29
2026-04-14T22:56:26.876341,qbittorrent-app-1,ugreen/qbittorrent:v1,0.16219725343320848,2748.21484375,35.612296652800566,0,0,0.0,0.0,29
2026-04-14T22:56:37.893688,qbittorrent-app-1,ugreen/qbittorrent:v1,2.4601503759398495,2740.95703125,35.51824746578442,0,0,0.0,0.0,29
2026-04-14T22:56:48.917172,qbittorrent-app-1,ugreen/qbittorrent:v1,1.1077306733167083,2744.0859375,35.558792890326906,0,0,0.0,0.0,29
2026-04-14T22:56:59.941133,qbittorrent-app-1,ugreen/qbittorrent:v1,2.603609022556391,2747.84375,35.607487894583926,0,0,0.0,0.0,29
2026-04-14T22:57:10.961141,qbittorrent-app-1,ugreen/qbittorrent:v1,3.477139272271016,2751.79296875,35.658663205710575,0,0,0.0,0.0,29
2026-04-14T22:57:21.986664,qbittorrent-app-1,ugreen/qbittorrent:v1,2.8805985037406483,2755.99609375,35.71312871982757,0,0,0.0,0.0,22
2026-04-14T22:57:33.008278,qbittorrent-app-1,ugreen/qbittorrent:v1,2.9011264080100125,2760.48046875,35.77123876648771,0,0,0.0,0.0,22
2026-04-14T22:57:44.034704,qbittorrent-app-1,ugreen/qbittorrent:v1,2.7681,2764.3203125,35.820996759403144,0,0,0.0,0.0,22
2026-04-14T22:57:55.061491,qbittorrent-app-1,ugreen/qbittorrent:v1,1.078057285180573,2768.43359375,35.87429804784664,0,0,0.0,0.0,22
2026-04-14T22:58:06.085548,qbittorrent-app-1,ugreen/qbittorrent:v1,0.4402,2758.3984375,35.74425910196693,0,0,0.0,0.0,22
2026-04-14T22:58:17.113650,qbittorrent-app-1,ugreen/qbittorrent:v1,1.7638095238095237,2763.1953125,35.80641862923057,0,0,0.0,0.0,22
2026-04-14T22:58:28.140910,qbittorrent-app-1,ugreen/qbittorrent:v1,1.9915211970074815,2768.1953125,35.871210318886476,0,0,0.0,0.0,22
2026-04-14T22:58:39.162840,qbittorrent-app-1,ugreen/qbittorrent:v1,0.8135491905354919,2772.17578125,35.92279057807348,0,0,0.0,0.0,22
2026-04-14T22:58:50.186778,qbittorrent-app-1,ugreen/qbittorrent:v1,2.2476095118898622,2776.91796875,35.9842414462315,0,0,0.0,0.0,22
2026-04-14T22:59:01.212356,qbittorrent-app-1,ugreen/qbittorrent:v1,1.78,2781.875,36.04847633230443,0,0,0.0,0.0,22
2026-04-14T22:59:12.233250,qbittorrent-app-1,ugreen/qbittorrent:v1,0.8981546134663341,2778.96484375,36.01076554418439,0,0,0.0,0.0,22
2026-04-14T22:59:23.259625,qbittorrent-app-1,ugreen/qbittorrent:v1,2.875294117647059,2782.98828125,36.06290260695438,0,0,0.0,0.0,22
2026-04-14T22:59:34.288499,qbittorrent-app-1,ugreen/qbittorrent:v1,1.7624,2787.21875,36.11772245062418,0,0,0.0,0.0,22
2026-04-14T22:59:45.309696,qbittorrent-app-1,ugreen/qbittorrent:v1,2.100648379052369,2791.41796875,36.172137346233626,0,0,0.0,0.0,22
2026-04-14T22:59:56.333037,qbittorrent-app-1,ugreen/qbittorrent:v1,3.197393483709273,2788.8671875,36.13908346080761,0,0,0.0,0.0,22
2026-04-14T23:00:07.357688,qbittorrent-app-1,ugreen/qbittorrent:v1,0.5538923654568211,2792.72265625,36.18904392775322,0,0,0.0,0.0,24
2026-04-14T23:00:18.381486,qbittorrent-app-1,ugreen/qbittorrent:v1,4.446633165829145,2796.4609375,36.23748583947252,0,0,0.0,0.0,22
2026-04-14T23:00:29.409822,qbittorrent-app-1,ugreen/qbittorrent:v1,1.1717353308364544,2782.4296875,36.05566416037563,0,0,0.0,0.0,21
2026-04-14T23:00:40.435499,qbittorrent-app-1,ugreen/qbittorrent:v1,0.22799999999999998,2786.578125,36.109421015387014,0,0,0.0,0.0,21
2026-04-14T23:00:51.458918,qbittorrent-app-1,ugreen/qbittorrent:v1,1.3984519350811484,2791.0078125,36.16682240294155,0,0,0.0,0.0,22
2026-04-14T23:01:02.482634,qbittorrent-app-1,ugreen/qbittorrent:v1,2.584030037546934,2795.93359375,36.230652340954116,0,0,0.0,0.0,22
2026-04-14T23:01:13.509175,qbittorrent-app-1,ugreen/qbittorrent:v1,2.071578947368421,2800.5234375,36.29012908731794,0,0,0.0,0.0,22
2026-04-14T23:01:24.536286,qbittorrent-app-1,ugreen/qbittorrent:v1,1.2479800498753117,2804.37890625,36.34008955426354,0,0,0.0,0.0,22
2026-04-14T23:01:35.562936,qbittorrent-app-1,ugreen/qbittorrent:v1,0.06761548064918851,2805.3203125,36.352288614581575,0,0,0.0,0.0,22
2026-04-14T23:01:46.587749,qbittorrent-app-1,ugreen/qbittorrent:v1,2.7311138923654568,2808.69140625,36.395972386591765,0,0,0.0,0.0,29
2026-04-14T23:01:57.609726,qbittorrent-app-1,ugreen/qbittorrent:v1,1.9763591022443892,2812.9765625,36.451500889367175,0,0,0.0,0.0,29
2026-04-14T23:02:08.631154,qbittorrent-app-1,ugreen/qbittorrent:v1,2.3207008760951187,2816.73828125,36.50024651213174,0,0,0.0,0.0,29
2026-04-14T23:02:19.653820,qbittorrent-app-1,ugreen/qbittorrent:v1,2.528560700876095,2821.140625,36.55729357013346,0,0,0.0,0.0,29
2026-04-14T23:02:30.680565,qbittorrent-app-1,ugreen/qbittorrent:v1,3.4870236612702366,2807.27734375,36.377648486860956,0,0,0.0,0.0,29
2026-04-14T23:02:41.703657,qbittorrent-app-1,ugreen/qbittorrent:v1,3.6992,2811.4453125,36.43165843441006,0,0,0.0,0.0,29
2026-04-14T23:02:52.729350,qbittorrent-app-1,ugreen/qbittorrent:v1,0.3700374531835206,2815.8828125,36.489161058979676,0,0,0.0,0.0,29
2026-04-14T23:03:03.751239,qbittorrent-app-1,ugreen/qbittorrent:v1,0.438648310387985,2820.28125,36.54615749847385,0,0,0.0,0.0,29
2026-04-14T23:03:14.775734,qbittorrent-app-1,ugreen/qbittorrent:v1,2.154406991260924,2821.3515625,36.56002696954082,0,0,0.0,0.0,29
2026-04-14T23:03:25.802183,qbittorrent-app-1,ugreen/qbittorrent:v1,3.0995000000000004,2826.1171875,36.6217815487441,0,0,0.0,0.0,21
2026-04-14T23:03:36.826282,qbittorrent-app-1,ugreen/qbittorrent:v1,0.07480649188514357,2827.6171875,36.641219055640875,0,0,0.0,0.0,21
2026-04-14T23:03:47.852244,qbittorrent-app-1,ugreen/qbittorrent:v1,2.6984999999999997,2824.76953125,36.60431816364154,0,0,0.0,0.0,29
2026-04-14T23:03:58.877615,qbittorrent-app-1,ugreen/qbittorrent:v1,2.322796504369538,2828.140625,36.64800193565173,0,0,0.0,0.0,29
2026-04-14T23:04:09.903127,qbittorrent-app-1,ugreen/qbittorrent:v1,3.8390024937655856,2833.421875,36.71643815785078,0,0,0.0,0.0,29
2026-04-14T23:04:20.926294,qbittorrent-app-1,ugreen/qbittorrent:v1,1.8871769134253453,2837.33203125,36.767107283902,0,0,0.0,0.0,29
2026-04-14T23:04:31.951451,qbittorrent-app-1,ugreen/qbittorrent:v1,2.433358302122347,2841.64453125,36.82299011623022,0,0,0.0,0.0,29
2026-04-14T23:04:42.976814,qbittorrent-app-1,ugreen/qbittorrent:v1,2.194756554307116,2845.16015625,36.86854677301953,0,0,0.0,0.0,29
2026-04-14T23:04:54.003255,qbittorrent-app-1,ugreen/qbittorrent:v1,2.0292999999999997,2849.75,36.928023519383345,0,0,0.0,0.0,29
2026-04-14T23:05:05.028538,qbittorrent-app-1,ugreen/qbittorrent:v1,2.9942,2845.8125,36.87700006377932,0,0,0.0,0.0,29
2026-04-14T23:05:16.054663,qbittorrent-app-1,ugreen/qbittorrent:v1,1.2864,2849.6640625,36.92690991221738,0,0,0.0,0.0,29
2026-04-14T23:05:27.082490,qbittorrent-app-1,ugreen/qbittorrent:v1,3.1114893617021275,2852.3515625,36.961735445407434,0,0,0.0,0.0,22
2026-04-14T23:05:38.112715,qbittorrent-app-1,ugreen/qbittorrent:v1,1.590236612702366,2857.19921875,37.024553013269134,0,0,0.0,0.0,22
2026-04-14T23:05:49.139378,qbittorrent-app-1,ugreen/qbittorrent:v1,2.628443337484433,2862.04296875,37.0873199626233,0,0,0.0,0.0,22
2026-04-14T23:06:00.160904,qbittorrent-app-1,ugreen/qbittorrent:v1,1.7994493116395494,2856.3125,37.01306261205672,0,0,0.0,0.0,22
2026-04-14T23:06:11.188631,qbittorrent-app-1,ugreen/qbittorrent:v1,2.1955,2857.828125,37.03270259298367,0,0,0.0,0.0,22
2026-04-14T23:06:22.217144,qbittorrent-app-1,ugreen/qbittorrent:v1,3.0593241551939925,2861.9296875,37.08585202590452,0,0,0.0,0.0,21
2026-04-14T23:06:33.244986,qbittorrent-app-1,ugreen/qbittorrent:v1,0.39043586550435866,2865.9140625,37.13748290359908,0,0,0.0,0.0,21
2026-04-14T23:06:44.271923,qbittorrent-app-1,ugreen/qbittorrent:v1,2.521704260651629,2866.97265625,37.151200519143416,0,0,0.0,0.0,29
2026-04-14T23:06:55.292672,qbittorrent-app-1,ugreen/qbittorrent:v1,2.8394493116395494,2871.265625,37.20683025893391,0,0,0.0,0.0,29
2026-04-14T23:07:06.319129,qbittorrent-app-1,ugreen/qbittorrent:v1,1.7717293233082707,2875.24609375,37.25841051812092,0,0,0.0,0.0,29
2026-04-14T23:07:17.343768,qbittorrent-app-1,ugreen/qbittorrent:v1,1.9494999999999998,2879.26953125,37.310547580890905,0,0,0.0,0.0,29
2026-04-14T23:07:28.366360,qbittorrent-app-1,ugreen/qbittorrent:v1,2.6226,2882.54296875,37.35296589021251,0,0,0.0,0.0,29
2026-04-14T23:07:39.387877,qbittorrent-app-1,ugreen/qbittorrent:v1,2.443408521303258,2877.80078125,37.29151502205448,0,0,0.0,0.0,29
2026-04-14T23:07:50.412302,qbittorrent-app-1,ugreen/qbittorrent:v1,2.8556695869837294,2883.6953125,37.36789834993789,0,0,0.0,0.0,29
2026-04-14T23:08:01.438642,qbittorrent-app-1,ugreen/qbittorrent:v1,1.0972568578553616,2887.28125,37.414366139862985,0,0,0.0,0.0,29
2026-04-14T23:08:12.463825,qbittorrent-app-1,ugreen/qbittorrent:v1,1.6516354556803996,2891.96484375,37.475057730407855,0,0,0.0,0.0,29
2026-04-14T23:08:23.488186,qbittorrent-app-1,ugreen/qbittorrent:v1,0.16029962546816479,2892.1640625,37.47763927429258,0,0,0.0,0.0,22
2026-04-14T23:08:34.509782,qbittorrent-app-1,ugreen/qbittorrent:v1,0.7106351183063512,2896.40625,37.53261097348501,0,0,0.0,0.0,29
2026-04-14T23:08:45.535802,qbittorrent-app-1,ugreen/qbittorrent:v1,0.924,2896.49609375,37.53377519915852,0,0,0.0,0.0,29
2026-04-14T23:08:56.560312,qbittorrent-app-1,ugreen/qbittorrent:v1,0.3023441396508728,2900.546875,37.58626659148131,0,0,0.0,0.0,29
2026-04-14T23:09:07.585947,qbittorrent-app-1,ugreen/qbittorrent:v1,1.4200498753117206,2904.15234375,37.63298747394413,0,0,0.0,0.0,29
2026-04-14T23:09:18.618062,qbittorrent-app-1,ugreen/qbittorrent:v1,2.465137157107232,2901.75390625,37.601907710312304,0,0,0.0,0.0,29
2026-04-14T23:09:29.647938,qbittorrent-app-1,ugreen/qbittorrent:v1,0.1173067331670823,2905.26953125,37.64746436710161,0,0,0.0,0.0,29
2026-04-14T23:09:40.669733,qbittorrent-app-1,ugreen/qbittorrent:v1,2.1992471769134254,2907.69921875,37.678949078793785,0,0,0.0,0.0,29
2026-04-14T23:09:51.698742,qbittorrent-app-1,ugreen/qbittorrent:v1,2.0223441396508726,2898.7890625,37.56348826308666,0,0,0.0,0.0,29
2026-04-14T23:10:02.724998,qbittorrent-app-1,ugreen/qbittorrent:v1,0.15109999999999998,2899.984375,37.57897752639502,0,0,0.0,0.0,29
2026-04-14T23:10:13.748224,qbittorrent-app-1,ugreen/qbittorrent:v1,2.504937655860349,2903.19140625,37.620535321088376,0,0,0.0,0.0,29
2026-04-14T23:10:24.773654,qbittorrent-app-1,ugreen/qbittorrent:v1,2.0794022415940225,2906.34765625,37.66143507518367,0,0,0.0,0.0,29
2026-04-14T23:10:35.796585,qbittorrent-app-1,ugreen/qbittorrent:v1,2.6285572139303484,2909.88671875,37.70729544301824,0,0,0.0,0.0,29
2026-04-14T23:10:46.817016,qbittorrent-app-1,ugreen/qbittorrent:v1,2.189874686716792,2914.8984375,37.772238988196776,0,0,0.0,0.0,29
2026-04-14T23:10:57.842709,qbittorrent-app-1,ugreen/qbittorrent:v1,0.08379052369077307,2918.26953125,37.81592276020697,0,0,0.0,0.0,29
2026-04-14T23:11:08.865883,qbittorrent-app-1,ugreen/qbittorrent:v1,1.0069240348692403,2919.40625,37.83065274590218,0,0,0.0,0.0,29
2026-04-14T23:11:19.888249,qbittorrent-app-1,ugreen/qbittorrent:v1,3.090274314214464,2923.6953125,37.88623186718513,0,0,0.0,0.0,29
2026-04-14T23:11:30.914642,qbittorrent-app-1,ugreen/qbittorrent:v1,2.058345864661654,2928.7578125,37.95183345296174,0,0,0.0,0.0,29
2026-04-14T23:11:41.938928,qbittorrent-app-1,ugreen/qbittorrent:v1,2.9925031446540884,2933.234375,38.00984226260679,0,0,0.0,0.0,29
2026-04-14T23:11:52.963027,qbittorrent-app-1,ugreen/qbittorrent:v1,3.5045386533665837,2936.765625,38.05560139342627,0,0,0.0,0.0,29
2026-04-14T23:12:03.989053,qbittorrent-app-1,ugreen/qbittorrent:v1,3.7242446941323344,2931.87109375,37.99217640347405,0,0,0.0,0.0,29
2026-04-14T23:12:15.015132,qbittorrent-app-1,ugreen/qbittorrent:v1,2.3752,2935.55859375,38.03996027459528,0,0,0.0,0.0,29
2026-04-14T23:12:26.037242,qbittorrent-app-1,ugreen/qbittorrent:v1,3.047218045112782,2909.49609375,37.70223359226387,0,0,0.0,0.0,22
2026-04-14T23:12:37.061438,qbittorrent-app-1,ugreen/qbittorrent:v1,3.3628,2909.8359375,37.70663740242017,0,0,0.0,0.0,22
2026-04-14T23:12:48.083889,qbittorrent-app-1,ugreen/qbittorrent:v1,0.27190000000000003,2910.8125,37.71929202930609,0,0,0.0,0.0,22
2026-04-14T23:12:59.111106,qbittorrent-app-1,ugreen/qbittorrent:v1,2.6638403990024937,2914.50390625,37.767126518934866,0,0,0.0,0.0,29
2026-04-14T23:13:10.133596,qbittorrent-app-1,ugreen/qbittorrent:v1,0.562291407222914,2917.21875,37.80230638167772,0,0,0.0,0.0,29
2026-04-14T23:13:21.157382,qbittorrent-app-1,ugreen/qbittorrent:v1,3.86138017565872,2918.41015625,37.81774502647854,0,0,0.0,0.0,29
2026-04-14T23:13:32.180593,qbittorrent-app-1,ugreen/qbittorrent:v1,3.2049000000000003,2922.47265625,37.870388274323965,0,0,0.0,0.0,29
2026-04-14T23:13:43.202572,qbittorrent-app-1,ugreen/qbittorrent:v1,3.665563909774436,2927.05859375,37.92981440218024,0,0,0.0,0.0,29
2026-04-14T23:13:54.226896,qbittorrent-app-1,ugreen/qbittorrent:v1,1.8415056461731492,2930.828125,37.97866126195989,0,0,0.0,0.0,29
2026-04-14T23:14:05.248485,qbittorrent-app-1,ugreen/qbittorrent:v1,4.707584480600751,2936.38671875,38.050691398194544,0,0,0.0,0.0,29
2026-04-14T23:14:16.272732,qbittorrent-app-1,ugreen/qbittorrent:v1,1.853648816936488,2940.08984375,38.098677743345945,0,0,0.0,0.0,29
2026-04-14T23:14:27.298911,qbittorrent-app-1,ugreen/qbittorrent:v1,2.5602,2943.7890625,38.1466134699898,0,0,0.0,0.0,21
2026-04-14T23:14:38.330121,qbittorrent-app-1,ugreen/qbittorrent:v1,0.39430000000000004,2948.08984375,38.202344446795394,0,0,0.0,0.0,21
2026-04-14T23:14:49.354650,qbittorrent-app-1,ugreen/qbittorrent:v1,2.8949812734082396,2947.73828125,38.19778878111646,0,0,0.0,0.0,29
2026-04-14T23:15:00.379717,qbittorrent-app-1,ugreen/qbittorrent:v1,2.69519302615193,2951.765625,38.249976462393995,0,0,0.0,0.0,30
2026-04-14T23:15:11.405700,qbittorrent-app-1,ugreen/qbittorrent:v1,2.9128822055137844,2954.19921875,38.281511792593705,0,0,0.0,0.0,29
2026-04-14T23:15:22.430402,qbittorrent-app-1,ugreen/qbittorrent:v1,3.3488582183186946,2958.15625,38.33278834073545,0,0,0.0,0.0,29
2026-04-14T23:15:33.454961,qbittorrent-app-1,ugreen/qbittorrent:v1,2.2598751560549313,2961.86328125,38.38082530439439,0,0,0.0,0.0,29
2026-04-14T23:15:44.484559,qbittorrent-app-1,ugreen/qbittorrent:v1,1.9127,2966.2890625,38.43817607344138,0,0,0.0,0.0,29
2026-04-14T23:15:55.506785,qbittorrent-app-1,ugreen/qbittorrent:v1,0.14342072409488138,2966.25390625,38.43772050687348,0,0,0.0,0.0,29
2026-04-14T23:16:06.528631,qbittorrent-app-1,ugreen/qbittorrent:v1,3.239250936329588,2968.453125,38.466218726620575,0,0,0.0,0.0,29
2026-04-14T23:16:17.556138,qbittorrent-app-1,ugreen/qbittorrent:v1,2.543,2972.39453125,38.51729280073214,0,0,0.0,0.0,29
2026-04-14T23:16:28.585560,qbittorrent-app-1,ugreen/qbittorrent:v1,2.594170854271357,2977.046875,38.57757944321666,0,0,0.0,0.0,29
2026-04-14T23:16:39.609269,qbittorrent-app-1,ugreen/qbittorrent:v1,1.3036295369211515,2977.8359375,38.58780438174049,0,0,0.0,0.0,29
2026-04-14T23:16:50.637520,qbittorrent-app-1,ugreen/qbittorrent:v1,0.7944862155388471,2982.3515625,38.64631937646097,0,0,0.0,0.0,29
2026-04-14T23:17:01.661330,qbittorrent-app-1,ugreen/qbittorrent:v1,2.88140350877193,2982.64453125,38.65011576452675,0,0,0.0,0.0,29
2026-04-14T23:17:12.685011,qbittorrent-app-1,ugreen/qbittorrent:v1,3.6624341279799246,2987.2109375,38.70928879984531,0,0,0.0,0.0,29
2026-04-14T23:17:23.709085,qbittorrent-app-1,ugreen/qbittorrent:v1,0.47770287141073664,2991.0625,38.75919864828338,0,0,0.0,0.0,21
2026-04-14T23:17:34.732818,qbittorrent-app-1,ugreen/qbittorrent:v1,1.714713216957606,2995.1484375,38.81214560717406,0,0,0.0,0.0,21
2026-04-14T23:17:45.761843,qbittorrent-app-1,ugreen/qbittorrent:v1,2.69099121706399,2990.14453125,38.74730329901061,0,0,0.0,0.0,21
2026-04-14T23:17:56.786339,qbittorrent-app-1,ugreen/qbittorrent:v1,2.0244084682440846,2993.484375,38.79058212296045,0,0,0.0,0.0,21
2026-04-14T23:18:07.808776,qbittorrent-app-1,ugreen/qbittorrent:v1,2.6538,2997.03515625,38.83659434631765,0,0,0.0,0.0,21
2026-04-14T23:18:18.833836,qbittorrent-app-1,ugreen/qbittorrent:v1,0.18876404494382024,2998.9375,38.86124555949142,0,0,0.0,0.0,21
2026-04-14T23:18:29.855625,qbittorrent-app-1,ugreen/qbittorrent:v1,2.254217772215269,3000.59765625,38.88275842519749,0,0,0.0,0.0,29
2026-04-14T23:18:40.883268,qbittorrent-app-1,ugreen/qbittorrent:v1,2.180325406758448,3004.62109375,38.934895487967474,0,0,0.0,0.0,29
2026-04-14T23:18:51.909890,qbittorrent-app-1,ugreen/qbittorrent:v1,1.9299123904881101,3003.109375,38.91530612554807,0,0,0.0,0.0,29
2026-04-14T23:19:02.934019,qbittorrent-app-1,ugreen/qbittorrent:v1,1.6697,3007.69921875,38.97478287191189,0,0,0.0,0.0,29
2026-04-14T23:19:13.954968,qbittorrent-app-1,ugreen/qbittorrent:v1,3.1763591022443887,3009.0546875,38.992347494029545,0,0,0.0,0.0,29
2026-04-14T23:19:24.977072,qbittorrent-app-1,ugreen/qbittorrent:v1,1.4921652065081352,3012.453125,39.03638559559254,0,0,0.0,0.0,29
2026-04-14T23:19:35.997072,qbittorrent-app-1,ugreen/qbittorrent:v1,0.8577443609022557,3013.0234375,39.04377589769392,0,0,0.0,0.0,29
2026-04-14T23:19:47.023362,qbittorrent-app-1,ugreen/qbittorrent:v1,1.460497512437811,3016.5859375,39.08993997657376,0,0,0.0,0.0,29
2026-04-14T23:19:58.050722,qbittorrent-app-1,ugreen/qbittorrent:v1,1.698523153942428,3021.6640625,39.15574403638053,0,0,0.0,0.0,29
2026-04-14T23:20:09.078310,qbittorrent-app-1,ugreen/qbittorrent:v1,1.4233,3017.5546875,39.102493366444584,0,0,0.0,0.0,29
2026-04-14T23:20:20.105561,qbittorrent-app-1,ugreen/qbittorrent:v1,2.779225967540574,3022.140625,39.16191949430086,0,0,0.0,0.0,29
2026-04-14T23:20:31.129375,qbittorrent-app-1,ugreen/qbittorrent:v1,1.6852130325814536,3027.2421875,39.2280272651529,0,0,0.0,0.0,29
2026-04-14T23:20:42.155371,qbittorrent-app-1,ugreen/qbittorrent:v1,3.107815230961298,3021.08203125,39.14820187875653,0,0,0.0,0.0,29
2026-04-14T23:20:53.179883,qbittorrent-app-1,ugreen/qbittorrent:v1,5.354465408805032,3024.68359375,39.194872142711795,0,0,0.0,0.0,29
2026-04-14T23:21:04.208200,qbittorrent-app-1,ugreen/qbittorrent:v1,2.273784461152882,3028.6953125,39.24685734995915,0,0,0.0,0.0,29
2026-04-14T23:21:15.227888,qbittorrent-app-1,ugreen/qbittorrent:v1,1.9931999999999999,3032.87109375,39.30096853452334,0,0,0.0,0.0,29
2026-04-14T23:21:26.251768,qbittorrent-app-1,ugreen/qbittorrent:v1,3.119499374217772,3036.6875,39.35042281639351,0,0,0.0,0.0,21
2026-04-14T23:21:37.276408,qbittorrent-app-1,ugreen/qbittorrent:v1,2.9545,3024.390625,39.19107575464602,0,0,0.0,0.0,21
2026-04-14T23:21:48.295235,qbittorrent-app-1,ugreen/qbittorrent:v1,2.925043695380774,3029.59375,39.258499606694194,0,0,0.0,0.0,21
2026-04-14T23:21:59.319602,qbittorrent-app-1,ugreen/qbittorrent:v1,1.907860696517413,3032.15625,39.291705347642846,0,0,0.0,0.0,21
2026-04-14T23:22:10.340755,qbittorrent-app-1,ugreen/qbittorrent:v1,0.25451814768460573,3033.9609375,39.31509109812802,0,0,0.0,0.0,29
2026-04-14T23:22:21.365318,qbittorrent-app-1,ugreen/qbittorrent:v1,3.3882352941176466,3038.67578125,39.37618763673324,0,0,0.0,0.0,29
2026-04-14T23:22:32.390509,qbittorrent-app-1,ugreen/qbittorrent:v1,0.12748129675810474,3040.4296875,39.398915346620356,0,0,0.0,0.0,29
2026-04-14T23:22:43.414411,qbittorrent-app-1,ugreen/qbittorrent:v1,1.8167709637046308,3042.7265625,39.428679029056035,0,0,0.0,0.0,29
2026-04-14T23:22:54.438497,qbittorrent-app-1,ugreen/qbittorrent:v1,3.2684289276807976,3044.86328125,39.45636735268243,0,0,0.0,0.0,29
2026-04-14T23:23:05.465681,qbittorrent-app-1,ugreen/qbittorrent:v1,1.8906801007556675,3049.6953125,39.51898244651396,0,0,0.0,0.0,29
2026-04-14T23:23:16.488406,qbittorrent-app-1,ugreen/qbittorrent:v1,3.0530489335006274,3038.1328125,39.36915166418467,0,0,0.0,0.0,29
2026-04-14T23:23:27.508579,qbittorrent-app-1,ugreen/qbittorrent:v1,0.7783810709838107,3041.94921875,39.418605946054846,0,0,0.0,0.0,29
2026-04-14T23:23:38.537829,qbittorrent-app-1,ugreen/qbittorrent:v1,2.2159699624530664,3046.58984375,39.47874073301673,0,0,0.0,0.0,29
2026-04-14T23:23:49.562128,qbittorrent-app-1,ugreen/qbittorrent:v1,1.6134,3050.65234375,39.53138398086216,0,0,0.0,0.0,29
2026-04-14T23:24:00.585360,qbittorrent-app-1,ugreen/qbittorrent:v1,0.21493133583021223,3053.1171875,39.56332425912221,0,0,0.0,0.0,29
2026-04-14T23:24:11.611057,qbittorrent-app-1,ugreen/qbittorrent:v1,2.3721652065081353,3054.2890625,39.57850981138532,0,0,0.0,0.0,29
2026-04-14T23:24:22.636388,qbittorrent-app-1,ugreen/qbittorrent:v1,2.457571964956195,3057.87890625,39.625028219817956,0,0,0.0,0.0,29
2026-04-14T23:24:33.658780,qbittorrent-app-1,ugreen/qbittorrent:v1,4.322885572139303,3061.11328125,39.66694034406412,0,0,0.0,0.0,29
2026-04-14T23:24:44.680228,qbittorrent-app-1,ugreen/qbittorrent:v1,0.4841,3062.9296875,39.69047795007193,0,0,0.0,0.0,29
2026-04-14T23:24:55.702916,qbittorrent-app-1,ugreen/qbittorrent:v1,1.4832080200501254,3064.71875,39.71366122652693,0,0,0.0,0.0,29
2026-04-14T23:25:06.726253,qbittorrent-app-1,ugreen/qbittorrent:v1,0.20600000000000002,3066.23828125,39.73335182596142,0,0,0.0,0.0,29
2026-04-14T23:25:17.749516,qbittorrent-app-1,ugreen/qbittorrent:v1,0.4616770963704631,3066.44921875,39.73608522536878,0,0,0.0,0.0,29
2026-04-14T23:25:28.772060,qbittorrent-app-1,ugreen/qbittorrent:v1,2.4865917602996257,3067.078125,39.74423480508331,0,0,0.0,0.0,29
2026-04-14T23:25:39.799019,qbittorrent-app-1,ugreen/qbittorrent:v1,2.8846,3062.28125,39.68207527781968,0,0,0.0,0.0,29
2026-04-14T23:25:50.826073,qbittorrent-app-1,ugreen/qbittorrent:v1,1.8550811485642946,3065.75390625,39.727075131026005,0,0,0.0,0.0,29
2026-04-14T23:26:01.846722,qbittorrent-app-1,ugreen/qbittorrent:v1,2.9669738480697387,3071.14453125,39.796928671436284,0,0,0.0,0.0,29
2026-04-14T23:26:12.872641,qbittorrent-app-1,ugreen/qbittorrent:v1,0.35275905118601747,3073.55078125,39.82810967208319,0,0,0.0,0.0,29
2026-04-14T23:26:23.895432,qbittorrent-app-1,ugreen/qbittorrent:v1,4.033175591531756,3077.78515625,39.882980134260535,0,0,0.0,0.0,29
2026-04-14T23:26:34.915880,qbittorrent-app-1,ugreen/qbittorrent:v1,0.095819774718398,3079.32421875,39.90292382623274,0,0,0.0,0.0,29
2026-04-14T23:26:45.938322,qbittorrent-app-1,ugreen/qbittorrent:v1,1.5941781681304894,3081.765625,39.93456039344754,0,0,0.0,0.0,29
2026-04-14T23:26:56.960563,qbittorrent-app-1,ugreen/qbittorrent:v1,1.6971214017521903,3086.171875,39.991658069956806,0,0,0.0,0.0,29
2026-04-14T23:27:07.980537,qbittorrent-app-1,ugreen/qbittorrent:v1,3.0749436795994995,3082.02734375,39.93795183345296,0,0,0.0,0.0,29
2026-04-14T23:27:19.002638,qbittorrent-app-1,ugreen/qbittorrent:v1,2.313008739076155,3085.140625,39.978294783965275,0,0,0.0,0.0,29
2026-04-14T23:27:30.024583,qbittorrent-app-1,ugreen/qbittorrent:v1,2.783458646616541,3089.24609375,40.03149483539368,0,0,0.0,0.0,29
2026-04-14T23:27:41.050986,qbittorrent-app-1,ugreen/qbittorrent:v1,2.9967919799498746,3077.625,39.880904775451235,0,0,0.0,0.0,29
2026-04-14T23:27:52.075996,qbittorrent-app-1,ugreen/qbittorrent:v1,0.0650187265917603,3078.15234375,39.88773827396964,0,0,0.0,0.0,29
2026-04-14T23:28:03.096975,qbittorrent-app-1,ugreen/qbittorrent:v1,2.9700502512562816,3081.4609375,39.93061214985913,0,0,0.0,0.0,29
2026-04-14T23:28:14.117433,qbittorrent-app-1,ugreen/qbittorrent:v1,2.5707,3084.703125,39.97262551112038,0,0,0.0,0.0,29
2026-04-14T23:28:25.142479,qbittorrent-app-1,ugreen/qbittorrent:v1,0.8162577447335811,3087.95703125,40.01479072790426,0,0,0.0,0.0,29
2026-04-14T23:28:36.177023,qbittorrent-app-1,ugreen/qbittorrent:v1,1.0969,3092.2578125,40.07052170470985,0,0,0.0,0.0,29
2026-04-14T23:28:47.197657,qbittorrent-app-1,ugreen/qbittorrent:v1,0.41595984943538267,3093.8046875,40.090566633697144,0,0,0.0,0.0,29
2026-04-14T23:28:58.219924,qbittorrent-app-1,ugreen/qbittorrent:v1,2.136180904522613,3095.2265625,40.10899177044304,0,0,0.0,0.0,29
2026-04-14T23:29:09.241496,qbittorrent-app-1,ugreen/qbittorrent:v1,3.92,3099.2421875,40.16102759619794,0,0,0.0,0.0,29
2026-04-14T23:29:20.266391,qbittorrent-app-1,ugreen/qbittorrent:v1,1.2593516209476308,3092.16796875,40.06935747903634,0,0,0.0,0.0,29
2026-04-14T23:29:31.291900,qbittorrent-app-1,ugreen/qbittorrent:v1,0.2828,3095.2421875,40.109194244473215,0,0,0.0,0.0,29
2026-04-14T23:29:42.315330,qbittorrent-app-1,ugreen/qbittorrent:v1,1.8469,3099.4921875,40.16426718068074,0,0,0.0,0.0,29
2026-04-14T23:29:53.337136,qbittorrent-app-1,ugreen/qbittorrent:v1,2.9686323713927227,3103.23828125,40.21281032941512,0,0,0.0,0.0,29
2026-04-14T23:30:04.364272,qbittorrent-app-1,ugreen/qbittorrent:v1,1.6295,3106.44140625,40.25431750560094,0,0,0.0,0.0,30
2026-04-14T23:30:15.391091,qbittorrent-app-1,ugreen/qbittorrent:v1,3.8778054862842892,3098.83203125,40.155712652905855,0,0,0.0,0.0,29
2026-04-14T23:30:26.410811,qbittorrent-app-1,ugreen/qbittorrent:v1,2.4558,3102.6875,40.20567311985147,0,0,0.0,0.0,21
2026-04-14T23:30:37.431906,qbittorrent-app-1,ugreen/qbittorrent:v1,0.9658,3106.046875,40.24920503633903,0,0,0.0,0.0,21
2026-04-14T23:30:48.459681,qbittorrent-app-1,ugreen/qbittorrent:v1,0.1045,3109.68359375,40.29633086686219,0,0,0.0,0.0,21
2026-04-14T23:30:59.483270,qbittorrent-app-1,ugreen/qbittorrent:v1,3.3855680399500625,3111.3828125,40.31834991764369,0,0,0.0,0.0,29
2026-04-14T23:31:10.508436,qbittorrent-app-1,ugreen/qbittorrent:v1,2.152009987515606,3114.37890625,40.357174312929686,0,0,0.0,0.0,29
2026-04-14T23:31:21.536429,qbittorrent-app-1,ugreen/qbittorrent:v1,1.8822942643391523,3118.04296875,40.40465447300566,0,0,0.0,0.0,29
2026-04-14T23:31:32.568147,qbittorrent-app-1,ugreen/qbittorrent:v1,0.6555417185554172,3121.34765625,40.447477730387604,0,0,0.0,0.0,29
2026-04-14T23:31:43.594154,qbittorrent-app-1,ugreen/qbittorrent:v1,2.197046307884856,3124.90625,40.4935911907599,0,0,0.0,0.0,29
2026-04-14T23:31:54.616656,qbittorrent-app-1,ugreen/qbittorrent:v1,1.9959102244389026,3117.82421875,40.40181983658321,0,0,0.0,0.0,29
2026-04-14T23:32:05.643345,qbittorrent-app-1,ugreen/qbittorrent:v1,3.1572000000000005,3122.1328125,40.45765205040389,0,0,0.0,0.0,29
2026-04-14T23:32:16.665638,qbittorrent-app-1,ugreen/qbittorrent:v1,1.317752808988764,3126.69140625,40.51672384870735,0,0,0.0,0.0,29
2026-04-14T23:32:27.686498,qbittorrent-app-1,ugreen/qbittorrent:v1,0.19505617977528092,3127.90234375,40.53241558604589,0,0,0.0,0.0,21
2026-04-14T23:32:38.709805,qbittorrent-app-1,ugreen/qbittorrent:v1,1.075444305381727,3130.08984375,40.560761950270354,0,0,0.0,0.0,29
2026-04-14T23:32:49.732300,qbittorrent-app-1,ugreen/qbittorrent:v1,2.53874686716792,3133.08984375,40.5996369640639,0,0,0.0,0.0,29
2026-04-14T23:33:00.754704,qbittorrent-app-1,ugreen/qbittorrent:v1,1.803690773067332,3136.3515625,40.64190341786287,0,0,0.0,0.0,29
2026-04-14T23:33:11.777590,qbittorrent-app-1,ugreen/qbittorrent:v1,2.02956304619226,3134.71875,40.620744881709605,0,0,0.0,0.0,29
2026-04-14T23:33:22.806610,qbittorrent-app-1,ugreen/qbittorrent:v1,0.6355056179775281,3138.23828125,40.666352157006465,0,0,0.0,0.0,29
2026-04-14T23:33:33.834333,qbittorrent-app-1,ugreen/qbittorrent:v1,0.21359900373599003,3138.8203125,40.67389431463047,0,0,0.0,0.0,29
2026-04-14T23:33:44.860187,qbittorrent-app-1,ugreen/qbittorrent:v1,0.8161596009975063,3140.8125,40.69970975347774,0,0,0.0,0.0,29
2026-04-14T23:33:55.887724,qbittorrent-app-1,ugreen/qbittorrent:v1,1.3688888888888888,3143.765625,40.73797734518077,0,0,0.0,0.0,29
2026-04-14T23:34:06.919748,qbittorrent-app-1,ugreen/qbittorrent:v1,2.0984,3130.34375,40.5640521532607,0,0,0.0,0.0,29
2026-04-14T23:34:17.946508,qbittorrent-app-1,ugreen/qbittorrent:v1,2.596145181476846,3134.984375,40.62418694022258,0,0,0.0,0.0,29
2026-04-14T23:34:28.974152,qbittorrent-app-1,ugreen/qbittorrent:v1,1.0605486284289276,3137.76171875,40.66017669908613,0,0,0.0,0.0,29
2026-04-14T23:34:40.004217,qbittorrent-app-1,ugreen/qbittorrent:v1,0.8833915211970075,3141.4609375,40.70811242573,0,0,0.0,0.0,29
2026-04-14T23:34:51.032130,qbittorrent-app-1,ugreen/qbittorrent:v1,3.0128,3145.33203125,40.758275366705774,0,0,0.0,0.0,29
2026-04-14T23:35:02.062393,qbittorrent-app-1,ugreen/qbittorrent:v1,1.9938999999999998,3149.26953125,40.809298822309806,0,0,0.0,0.0,29
2026-04-14T23:35:13.088643,qbittorrent-app-1,ugreen/qbittorrent:v1,3.9035205992509363,3152.65625,40.85318506835017,0,0,0.0,0.0,29
2026-04-14T23:35:24.112361,qbittorrent-app-1,ugreen/qbittorrent:v1,2.270049751243781,3138.984375,40.67602029194731,0,0,0.0,0.0,21
2026-04-14T23:35:35.138696,qbittorrent-app-1,ugreen/qbittorrent:v1,1.940074906367041,3143.08203125,40.72911910636062,0,0,0.0,0.0,21
2026-04-14T23:35:46.167039,qbittorrent-app-1,ugreen/qbittorrent:v1,0.743370786516854,3145.46484375,40.75999639596226,0,0,0.0,0.0,21
2026-04-14T23:35:57.187396,qbittorrent-app-1,ugreen/qbittorrent:v1,1.8543358395989977,3147.0,40.77988946942693,0,0,0.0,0.0,29
2026-04-14T23:36:08.210588,qbittorrent-app-1,ugreen/qbittorrent:v1,2.2251,3151.00390625,40.831773439659194,0,0,0.0,0.0,29
2026-04-14T23:36:19.234470,qbittorrent-app-1,ugreen/qbittorrent:v1,2.236903870162297,3155.23828125,40.886643901836536,0,0,0.0,0.0,29
2026-04-14T23:36:30.256243,qbittorrent-app-1,ugreen/qbittorrent:v1,3.084366373902133,3159.18359375,40.937768594455655,0,0,0.0,0.0,29
2026-04-14T23:36:41.278649,qbittorrent-app-1,ugreen/qbittorrent:v1,1.417171464330413,3162.8671875,40.98550184706934,0,0,0.0,0.0,29
2026-04-14T23:36:52.306373,qbittorrent-app-1,ugreen/qbittorrent:v1,2.348592777085928,3167.05078125,41.039714268648616,0,0,0.0,0.0,29
2026-04-14T23:37:03.331239,qbittorrent-app-1,ugreen/qbittorrent:v1,2.0585536159600997,3172.54296875,41.11088389025503,0,0,0.0,0.0,29
2026-04-14T23:37:14.361066,qbittorrent-app-1,ugreen/qbittorrent:v1,0.557007481296758,3175.375,41.14758230822419,0,0,0.0,0.0,29
2026-04-14T23:37:25.388275,qbittorrent-app-1,ugreen/qbittorrent:v1,0.048778054862842896,3167.1484375,41.04097973133721,0,0,0.0,0.0,21
2026-04-14T23:37:36.414269,qbittorrent-app-1,ugreen/qbittorrent:v1,1.9230037546933667,3168.2578125,41.055355387479615,0,0,0.0,0.0,29
2026-04-14T23:37:47.438762,qbittorrent-app-1,ugreen/qbittorrent:v1,3.7475156054931333,3172.015625,41.10405039173663,0,0,0.0,0.0,29
2026-04-14T23:37:58.466433,qbittorrent-app-1,ugreen/qbittorrent:v1,1.7969849246231155,3176.109375,41.1570985876424,0,0,0.0,0.0,29
2026-04-14T23:38:09.491291,qbittorrent-app-1,ugreen/qbittorrent:v1,2.8392,3181.2265625,41.22340883252462,0,0,0.0,0.0,29
2026-04-14T23:38:20.518256,qbittorrent-app-1,ugreen/qbittorrent:v1,3.886532663316583,3184.56640625,41.26668765647446,0,0,0.0,0.0,29
2026-04-14T23:38:31.541838,qbittorrent-app-1,ugreen/qbittorrent:v1,1.474214463840399,3189.078125,41.325152032687406,0,0,0.0,0.0,29
2026-04-14T23:38:42.568410,qbittorrent-app-1,ugreen/qbittorrent:v1,0.7427148194271482,3192.44921875,41.3688358046976,0,0,0.0,0.0,29
2026-04-14T23:38:53.591028,qbittorrent-app-1,ugreen/qbittorrent:v1,1.1234,3193.09375,41.377187858442305,0,0,0.0,0.0,29
2026-04-14T23:39:04.613660,qbittorrent-app-1,ugreen/qbittorrent:v1,2.8418952618453863,3174.7265625,41.13917963597194,0,0,0.0,0.0,29
2026-04-14T23:39:15.633039,qbittorrent-app-1,ugreen/qbittorrent:v1,3.318343789209536,3178.83984375,41.192480924415435,0,0,0.0,0.0,29
2026-04-14T23:39:26.653955,qbittorrent-app-1,ugreen/qbittorrent:v1,0.8794029850746269,3181.11328125,41.22194089580585,0,0,0.0,0.0,29
2026-04-14T23:39:37.680212,qbittorrent-app-1,ugreen/qbittorrent:v1,0.4062764632627646,3184.93359375,41.27144579618356,0,0,0.0,0.0,29
2026-04-14T23:39:48.700576,qbittorrent-app-1,ugreen/qbittorrent:v1,3.083636363636364,3188.578125,41.318672863721815,0,0,0.0,0.0,29
2026-04-14T23:39:59.725508,qbittorrent-app-1,ugreen/qbittorrent:v1,3.2296,3193.75,41.385691767709645,0,0,0.0,0.0,29
2026-04-14T23:40:10.747871,qbittorrent-app-1,ugreen/qbittorrent:v1,2.3536,3199.140625,41.455545308119916,0,0,0.0,0.0,29
2026-04-14T23:40:21.770423,qbittorrent-app-1,ugreen/qbittorrent:v1,4.2658000000000005,3193.828125,41.38670413786052,0,0,0.0,0.0,21
2026-04-14T23:40:32.792399,qbittorrent-app-1,ugreen/qbittorrent:v1,0.3206982543640898,3194.015625,41.38913382622261,0,0,0.0,0.0,21
2026-04-14T23:40:43.815832,qbittorrent-app-1,ugreen/qbittorrent:v1,2.098676654182272,3196.4921875,41.4212259600053,0,0,0.0,0.0,21
2026-04-14T23:40:54.839982,qbittorrent-app-1,ugreen/qbittorrent:v1,2.090986267166042,3200.58984375,41.47432477441862,0,0,0.0,0.0,21
2026-04-14T23:41:05.866525,qbittorrent-app-1,ugreen/qbittorrent:v1,2.748370927318296,3205.61328125,41.53942017511979,0,0,0.0,0.0,21
2026-04-14T23:41:16.888255,qbittorrent-app-1,ugreen/qbittorrent:v1,1.6649812265331667,3209.92578125,41.59530300744801,0,0,0.0,0.0,21
2026-04-14T23:41:27.925490,qbittorrent-app-1,ugreen/qbittorrent:v1,2.4811013767209014,3202.63671875,41.500848872371506,0,0,0.0,0.0,21
2026-04-14T23:41:38.949397,qbittorrent-app-1,ugreen/qbittorrent:v1,2.1070337922403004,3206.58984375,41.552074802005706,0,0,0.0,0.0,21
2026-04-14T23:41:49.971956,qbittorrent-app-1,ugreen/qbittorrent:v1,3.044729559748428,3210.25,41.59950434357413,0,0,0.0,0.0,21
2026-04-14T23:42:00.988514,qbittorrent-app-1,ugreen/qbittorrent:v1,3.000853199498118,3215.0859375,41.66217005591321,0,0,0.0,0.0,21
2026-04-14T23:42:12.013507,qbittorrent-app-1,ugreen/qbittorrent:v1,1.371785268414482,3219.19921875,41.7154713443567,0,0,0.0,0.0,21
2026-04-14T23:42:23.038847,qbittorrent-app-1,ugreen/qbittorrent:v1,1.1505236907730674,3223.765625,41.77464437967525,0,0,0.0,0.0,21
2026-04-14T23:42:34.063053,qbittorrent-app-1,ugreen/qbittorrent:v1,4.109336670838548,3209.46875,41.5893806420654,0,0,0.0,0.0,21
2026-04-14T23:42:45.089507,qbittorrent-app-1,ugreen/qbittorrent:v1,0.32539325842696626,3212.83203125,41.6329631770605,0,0,0.0,0.0,21
2026-04-14T23:42:56.116662,qbittorrent-app-1,ugreen/qbittorrent:v1,2.5604993757802745,3213.86328125,41.64632646305203,0,0,0.0,0.0,29
2026-04-14T23:43:07.144916,qbittorrent-app-1,ugreen/qbittorrent:v1,1.8256821026282855,3219.76953125,41.72286164645807,0,0,0.0,0.0,29
2026-04-14T23:43:18.170252,qbittorrent-app-1,ugreen/qbittorrent:v1,1.4693366708385482,3223.7890625,41.774948090720514,0,0,0.0,0.0,29
2026-04-14T23:43:29.195028,qbittorrent-app-1,ugreen/qbittorrent:v1,0.1472,3227.7890625,41.82678144244524,0,0,0.0,0.0,29
2026-04-14T23:43:40.219124,qbittorrent-app-1,ugreen/qbittorrent:v1,2.3728983688833125,3231.640625,41.87669129088331,0,0,0.0,0.0,29
2026-04-14T23:43:51.247548,qbittorrent-app-1,ugreen/qbittorrent:v1,2.990037546933667,3230.234375,41.85846862816758,0,0,0.0,0.0,29
2026-04-14T23:44:02.274548,qbittorrent-app-1,ugreen/qbittorrent:v1,0.6653731343283582,3227.359375,41.821213406615435,0,0,0.0,0.0,29
2026-04-14T23:44:13.297832,qbittorrent-app-1,ugreen/qbittorrent:v1,2.0490387016229716,3230.91015625,41.86722562997264,0,0,0.0,0.0,29
2026-04-14T23:44:24.320009,qbittorrent-app-1,ugreen/qbittorrent:v1,1.3627895392278953,3234.27734375,41.910858783475284,0,0,0.0,0.0,21
2026-04-14T23:44:35.344778,qbittorrent-app-1,ugreen/qbittorrent:v1,2.7141854636591476,3238.44921875,41.96491934953193,0,0,0.0,0.0,21
2026-04-14T23:44:46.365265,qbittorrent-app-1,ugreen/qbittorrent:v1,0.5739,3240.38671875,41.990026129273595,0,0,0.0,0.0,21
2026-04-14T23:44:57.393685,qbittorrent-app-1,ugreen/qbittorrent:v1,2.781052631578947,3242.50390625,42.01746136036227,0,0,0.0,0.0,29
2026-04-14T23:45:08.418503,qbittorrent-app-1,ugreen/qbittorrent:v1,3.3138576779026216,3246.53515625,42.06969966014734,0,0,0.0,0.0,30
2026-04-14T23:45:19.439474,qbittorrent-app-1,ugreen/qbittorrent:v1,2.9125406758448062,3248.3046875,42.092629844064625,0,0,0.0,0.0,29
2026-04-14T23:45:30.463559,qbittorrent-app-1,ugreen/qbittorrent:v1,0.942189054726368,3246.0078125,42.06286616162894,0,0,0.0,0.0,29
2026-04-14T23:45:41.486643,qbittorrent-app-1,ugreen/qbittorrent:v1,1.3227067669172932,3240.8046875,41.99544230958077,0,0,0.0,0.0,29
2026-04-14T23:45:52.505903,qbittorrent-app-1,ugreen/qbittorrent:v1,3.1227895392278953,3235.890625,41.931764227090824,0,0,0.0,0.0,29
2026-04-14T23:46:03.537370,qbittorrent-app-1,ugreen/qbittorrent:v1,0.8825,3237.6328125,41.95434008145531,0,0,0.0,0.0,29
2026-04-14T23:46:14.566566,qbittorrent-app-1,ugreen/qbittorrent:v1,3.6919551681195517,3239.453125,41.97792830597066,0,0,0.0,0.0,29
2026-04-14T23:46:25.594559,qbittorrent-app-1,ugreen/qbittorrent:v1,2.9345,3239.578125,41.97954809821206,0,0,0.0,0.0,29
2026-04-14T23:46:36.620393,qbittorrent-app-1,ugreen/qbittorrent:v1,8.492346298619823,3244.2734375,42.04039154427955,0,0,0.0,0.0,29
2026-04-14T23:46:47.644583,qbittorrent-app-1,ugreen/qbittorrent:v1,2.6397003745318353,3247.125,42.07734305478644,0,0,0.0,0.0,29
2026-04-14T23:46:58.668922,qbittorrent-app-1,ugreen/qbittorrent:v1,2.1484,3250.453125,42.12047002321365,0,0,0.0,0.0,29
2026-04-14T23:47:09.694399,qbittorrent-app-1,ugreen/qbittorrent:v1,0.6841895261845387,3253.796875,42.16379946567103,0,0,0.0,0.0,29
2026-04-14T23:47:20.719932,qbittorrent-app-1,ugreen/qbittorrent:v1,1.6712999999999998,3257.234375,42.20834375230947,0,0,0.0,0.0,21
2026-04-14T23:47:31.744362,qbittorrent-app-1,ugreen/qbittorrent:v1,2.314706616729089,3261.33203125,42.261442566722785,0,0,0.0,0.0,21
2026-04-14T23:47:42.767535,qbittorrent-app-1,ugreen/qbittorrent:v1,0.7583042394014963,3264.6328125,42.30421520559719,0,0,0.0,0.0,21
2026-04-14T23:47:53.793097,qbittorrent-app-1,ugreen/qbittorrent:v1,2.815,3267.97265625,42.347494029547036,0,0,0.0,0.0,21
2026-04-14T23:48:04.813789,qbittorrent-app-1,ugreen/qbittorrent:v1,1.8232418952618452,3272.01953125,42.399934803362285,0,0,0.0,0.0,21
2026-04-14T23:48:15.836916,qbittorrent-app-1,ugreen/qbittorrent:v1,2.612234706616729,3276.7109375,42.46072763092224,0,0,0.0,0.0,21
2026-04-14T23:48:26.862006,qbittorrent-app-1,ugreen/qbittorrent:v1,1.9304999999999999,3281.10546875,42.51767345190888,0,0,0.0,0.0,21
2026-04-14T23:48:37.880657,qbittorrent-app-1,ugreen/qbittorrent:v1,1.5625468164794007,3281.79296875,42.52658230923656,0,0,0.0,0.0,21
2026-04-14T23:48:48.905728,qbittorrent-app-1,ugreen/qbittorrent:v1,2.0340000000000003,3285.5234375,42.57492298394077,0,0,0.0,0.0,21
2026-04-14T23:48:59.928832,qbittorrent-app-1,ugreen/qbittorrent:v1,0.33920792079207923,3285.47265625,42.574264943342705,0,0,0.0,0.0,21
2026-04-14T23:49:10.960487,qbittorrent-app-1,ugreen/qbittorrent:v1,3.8284856070087607,3285.7109375,42.57735267230287,0,0,0.0,0.0,29
2026-04-14T23:49:21.989482,qbittorrent-app-1,ugreen/qbittorrent:v1,1.0568368617683688,3290.203125,42.63556395597809,0,0,0.0,0.0,29
2026-04-14T23:49:33.019685,qbittorrent-app-1,ugreen/qbittorrent:v1,1.6102127659574468,3293.9375,42.68395524918985,0,0,0.0,0.0,29
2026-04-14T23:49:44.047419,qbittorrent-app-1,ugreen/qbittorrent:v1,2.766342072409488,3296.5703125,42.71807212327429,0,0,0.0,0.0,29
2026-04-14T23:49:55.074144,qbittorrent-app-1,ugreen/qbittorrent:v1,2.507596513075965,3301.3359375,42.77982670247758,0,0,0.0,0.0,29
2026-04-14T23:50:06.105830,qbittorrent-app-1,ugreen/qbittorrent:v1,3.004755944931164,3302.78125,42.79855555026874,0,0,0.0,0.0,29
2026-04-14T23:50:17.132073,qbittorrent-app-1,ugreen/qbittorrent:v1,3.5991969887076536,3307.859375,42.86435961007552,0,0,0.0,0.0,29
2026-04-14T23:50:28.158969,qbittorrent-app-1,ugreen/qbittorrent:v1,0.2603491271820449,3310.84765625,42.90308276834642,0,0,0.0,0.0,21
2026-04-14T23:50:39.185540,qbittorrent-app-1,ugreen/qbittorrent:v1,1.1848379052369078,3314.01171875,42.9440837594568,0,0,0.0,0.0,21
2026-04-14T23:50:50.211012,qbittorrent-app-1,ugreen/qbittorrent:v1,1.6400499375780273,3318.453125,43.00163700253396,0,0,0.0,0.0,21
2026-04-14T23:51:01.237568,qbittorrent-app-1,ugreen/qbittorrent:v1,1.2506733167082296,3321.38671875,43.03965150169926,0,0,0.0,0.0,21
2026-04-14T23:51:12.262757,qbittorrent-app-1,ugreen/qbittorrent:v1,1.9381772784019975,3324.92578125,43.08551186953383,0,0,0.0,0.0,21
2026-04-14T23:51:23.284530,qbittorrent-app-1,ugreen/qbittorrent:v1,0.8860847880299252,3316.15234375,42.97182270159074,0,0,0.0,0.0,21
2026-04-14T23:51:34.317280,qbittorrent-app-1,ugreen/qbittorrent:v1,1.1282896379525593,3320.69921875,43.03074264437158,0,0,0.0,0.0,21
2026-04-14T23:51:45.341267,qbittorrent-app-1,ugreen/qbittorrent:v1,2.209391304347826,3324.875,43.08485382893576,0,0,0.0,0.0,21
2026-04-14T23:51:56.367097,qbittorrent-app-1,ugreen/qbittorrent:v1,2.0153383458646617,3329.359375,43.14296387559591,0,0,0.0,0.0,21
2026-04-14T23:52:07.393472,qbittorrent-app-1,ugreen/qbittorrent:v1,2.546,3333.5234375,43.196923204637464,0,0,0.0,0.0,21
2026-04-14T23:52:18.413419,qbittorrent-app-1,ugreen/qbittorrent:v1,0.7969038701622971,3335.7421875,43.225674516922275,0,0,0.0,0.0,21
2026-04-14T23:52:29.437911,qbittorrent-app-1,ugreen/qbittorrent:v1,1.4063,3339.4765625,43.274065810134026,0,0,0.0,0.0,21
2026-04-14T23:52:40.461153,qbittorrent-app-1,ugreen/qbittorrent:v1,3.0959096612296113,3343.21875,43.322558340360864,0,0,0.0,0.0,21
2026-04-14T23:52:51.485035,qbittorrent-app-1,ugreen/qbittorrent:v1,2.246192259675406,3347.58203125,43.379099213287155,0,0,0.0,0.0,21
2026-04-14T23:53:02.512420,qbittorrent-app-1,ugreen/qbittorrent:v1,1.512080200501253,3327.02734375,43.11274462659233,0,0,0.0,0.0,21
2026-04-14T23:53:13.534867,qbittorrent-app-1,ugreen/qbittorrent:v1,1.8862421972534331,3331.015625,43.164426122794424,0,0,0.0,0.0,21
2026-04-14T23:53:24.555766,qbittorrent-app-1,ugreen/qbittorrent:v1,0.29106382978723405,3332.37890625,43.182091981927165,0,0,0.0,0.0,21
2026-04-14T23:53:35.580673,qbittorrent-app-1,ugreen/qbittorrent:v1,1.9401000000000002,3335.4375,43.221726273333864,0,0,0.0,0.0,29
2026-04-14T23:53:46.609311,qbittorrent-app-1,ugreen/qbittorrent:v1,1.8916290726817042,3338.68359375,43.26379025310266,0,0,0.0,0.0,29
2026-04-14T23:53:57.628797,qbittorrent-app-1,ugreen/qbittorrent:v1,2.579924906132666,3342.37890625,43.311675361238976,0,0,0.0,0.0,29
2026-04-14T23:54:08.652905,qbittorrent-app-1,ugreen/qbittorrent:v1,2.325621079046424,3346.2265625,43.3615345911695,0,0,0.0,0.0,29
2026-04-14T23:54:19.677180,qbittorrent-app-1,ugreen/qbittorrent:v1,2.6743429286608262,3349.5,43.4039529004911,0,0,0.0,0.0,29
2026-04-14T23:54:30.702974,qbittorrent-app-1,ugreen/qbittorrent:v1,3.4276846057571966,3354.81640625,43.47284468925805,0,0,0.0,0.0,29
2026-04-14T23:54:41.727009,qbittorrent-app-1,ugreen/qbittorrent:v1,1.7362297128589264,3358.43359375,43.519717427243485,0,0,0.0,0.0,29
2026-04-14T23:54:52.753412,qbittorrent-app-1,ugreen/qbittorrent:v1,2.1822999999999997,3363.11328125,43.58035839928081,0,0,0.0,0.0,29
2026-04-14T23:55:03.778453,qbittorrent-app-1,ugreen/qbittorrent:v1,1.2342571785268415,3354.71875,43.47157922656945,0,0,0.0,0.0,29
2026-04-14T23:55:14.804635,qbittorrent-app-1,ugreen/qbittorrent:v1,2.029874686716792,3343.984375,43.332479567839435,0,0,0.0,0.0,29
2026-04-14T23:55:25.829676,qbittorrent-app-1,ugreen/qbittorrent:v1,1.1495739348370928,3347.73828125,43.381123953588904,0,0,0.0,0.0,21
2026-04-14T23:55:36.853850,qbittorrent-app-1,ugreen/qbittorrent:v1,1.1203995006242198,3322.09375,43.04881345156467,0,0,0.0,0.0,21
2026-04-14T23:55:47.880355,qbittorrent-app-1,ugreen/qbittorrent:v1,0.7964044943820225,3326.76953125,43.109403805094445,0,0,0.0,0.0,21
2026-04-14T23:55:58.904758,qbittorrent-app-1,ugreen/qbittorrent:v1,1.5594493116395496,3330.36328125,43.155972832034635,0,0,0.0,0.0,21
2026-04-14T23:56:09.926134,qbittorrent-app-1,ugreen/qbittorrent:v1,2.4489775561097256,3335.11328125,43.21752493720774,0,0,0.0,0.0,22
2026-04-14T23:56:20.949962,qbittorrent-app-1,ugreen/qbittorrent:v1,3.5195989974937345,3284.296875,42.55902877257206,0,0,0.0,0.0,22
2026-04-14T23:56:31.976454,qbittorrent-app-1,ugreen/qbittorrent:v1,0.3769288389513109,3255.62890625,42.187539545709015,0,0,0.0,0.0,22
2026-04-14T23:56:43.004030,qbittorrent-app-1,ugreen/qbittorrent:v1,2.806791510611735,3256.04296875,42.19290510750865,0,0,0.0,0.0,29
2026-04-14T23:56:54.029557,qbittorrent-app-1,ugreen/qbittorrent:v1,1.8675689223057643,3253.19921875,42.15605483401686,0,0,0.0,0.0,29
2026-04-14T23:57:05.052940,qbittorrent-app-1,ugreen/qbittorrent:v1,1.17,3257.46875,42.21138086276209,0,0,0.0,0.0,29
2026-04-14T23:57:16.076846,qbittorrent-app-1,ugreen/qbittorrent:v1,3.183959899749374,3261.33984375,42.26154380373787,0,0,0.0,0.0,29
2026-04-14T23:57:27.099791,qbittorrent-app-1,ugreen/qbittorrent:v1,3.44180225281602,3265.41015625,42.314288288598384,0,0,0.0,0.0,29
2026-04-14T23:57:38.122493,qbittorrent-app-1,ugreen/qbittorrent:v1,1.0239,3269.0234375,42.361110408076286,0,0,0.0,0.0,29
2026-04-14T23:57:49.144018,qbittorrent-app-1,ugreen/qbittorrent:v1,3.252465581977472,3263.26171875,42.28644810944936,0,0,0.0,0.0,29
2026-04-14T23:58:00.171417,qbittorrent-app-1,ugreen/qbittorrent:v1,0.12434456928838951,3247.34765625,42.080228309716425,0,0,0.0,0.0,29
2026-04-14T23:58:11.197780,qbittorrent-app-1,ugreen/qbittorrent:v1,1.4956911581569114,3248.140625,42.09050386674779,0,0,0.0,0.0,29
2026-04-14T23:58:22.223863,qbittorrent-app-1,ugreen/qbittorrent:v1,3.288767123287671,3248.109375,42.09009891868744,0,0,0.0,0.0,29
2026-04-14T23:58:33.248917,qbittorrent-app-1,ugreen/qbittorrent:v1,2.3386,3205.0703125,41.532384202571215,0,0,0.0,0.0,29
2026-04-14T23:58:44.273348,qbittorrent-app-1,ugreen/qbittorrent:v1,2.395505617977528,3179.9765625,41.20721091011064,0,0,0.0,0.0,29
2026-04-14T23:58:55.299742,qbittorrent-app-1,ugreen/qbittorrent:v1,1.0677306733167082,3183.6875,41.255298492277134,0,0,0.0,0.0,29
2026-04-14T23:59:06.326726,qbittorrent-app-1,ugreen/qbittorrent:v1,3.6059147869674186,3170.6171875,41.08592896603599,0,0,0.0,0.0,29
2026-04-14T23:59:17.353921,qbittorrent-app-1,ugreen/qbittorrent:v1,2.7394513715710724,3174.9140625,41.14160932433404,0,0,0.0,0.0,29
2026-04-14T23:59:28.375912,qbittorrent-app-1,ugreen/qbittorrent:v1,2.948173913043478,3179.72265625,41.203920707120304,0,0,0.0,0.0,22
2026-04-14T23:59:39.402785,qbittorrent-app-1,ugreen/qbittorrent:v1,2.4048060075093867,3183.3671875,41.251147774658556,0,0,0.0,0.0,22
2026-04-14T23:59:50.427656,qbittorrent-app-1,ugreen/qbittorrent:v1,1.367218045112782,3186.828125,41.295995772342245,0,0,0.0,0.0,22
2026-04-15T00:00:01.450881,qbittorrent-app-1,ugreen/qbittorrent:v1,3.3482853566958695,3187.82421875,41.30890349176589,0,0,0.0,0.0,24
2026-04-15T00:00:12.474159,qbittorrent-app-1,ugreen/qbittorrent:v1,1.6058072590738424,3191.73046875,41.359521999309564,0,0,0.0,0.0,22
2026-04-15T00:00:23.501778,qbittorrent-app-1,ugreen/qbittorrent:v1,1.8147684605757195,3181.80078125,41.23084975313353,0,0,0.0,0.0,21
2026-04-15T00:00:34.527032,qbittorrent-app-1,ugreen/qbittorrent:v1,0.12354556803995005,3182.53125,41.240315414044204,0,0,0.0,0.0,21
2026-04-15T00:00:45.549813,qbittorrent-app-1,ugreen/qbittorrent:v1,0.4128838951310862,3184.375,41.26420734960482,0,0,0.0,0.0,29
2026-04-15T00:00:56.574321,qbittorrent-app-1,ugreen/qbittorrent:v1,1.0445112781954888,3187.90234375,41.309915861916764,0,0,0.0,0.0,29
2026-04-15T00:01:07.593613,qbittorrent-app-1,ugreen/qbittorrent:v1,0.7411528822055138,3186.6328125,41.293464846965065,0,0,0.0,0.0,29
2026-04-15T00:01:18.618766,qbittorrent-app-1,ugreen/qbittorrent:v1,1.6757947434292868,3180.43359375,41.21313327549325,0,0,0.0,0.0,29
2026-04-15T00:01:29.643373,qbittorrent-app-1,ugreen/qbittorrent:v1,2.4832080200501254,3174.0859375,41.13087820073478,0,0,0.0,0.0,29
2026-04-15T00:01:40.663882,qbittorrent-app-1,ugreen/qbittorrent:v1,3.075187969924812,3178.6484375,41.19000061754579,0,0,0.0,0.0,29
2026-04-15T00:01:51.689770,qbittorrent-app-1,ugreen/qbittorrent:v1,2.5130586766541825,3182.01171875,41.233583152540895,0,0,0.0,0.0,29
2026-04-15T00:02:02.721615,qbittorrent-app-1,ugreen/qbittorrent:v1,1.2952190237797245,3179.671875,41.203262666522235,0,0,0.0,0.0,29
2026-04-15T00:02:13.741723,qbittorrent-app-1,ugreen/qbittorrent:v1,1.2210211706102116,3182.46875,41.23950551792351,0,0,0.0,0.0,29
2026-04-15T00:02:24.768812,qbittorrent-app-1,ugreen/qbittorrent:v1,1.1559102244389028,3186.11328125,41.286732585461756,0,0,0.0,0.0,21
2026-04-15T00:02:35.794771,qbittorrent-app-1,ugreen/qbittorrent:v1,1.887659574468085,3190.61328125,41.34504510615207,0,0,0.0,0.0,21
2026-04-15T00:02:46.815972,qbittorrent-app-1,ugreen/qbittorrent:v1,1.0784519350811486,3187.13671875,41.2999946344382,0,0,0.0,0.0,21
2026-04-15T00:02:57.840079,qbittorrent-app-1,ugreen/qbittorrent:v1,3.2685286783042398,3192.2734375,41.366557971858136,0,0,0.0,0.0,21
2026-04-15T00:03:08.864015,qbittorrent-app-1,ugreen/qbittorrent:v1,2.9793757802746565,3196.19140625,41.41732833492444,0,0,0.0,0.0,21
2026-04-15T00:03:19.884690,qbittorrent-app-1,ugreen/qbittorrent:v1,1.9707196029776675,3200.9453125,41.4789310586051,0,0,0.0,0.0,21
2026-04-15T00:03:30.909218,qbittorrent-app-1,ugreen/qbittorrent:v1,2.9530174563591025,3205.03125,41.531878017495785,0,0,0.0,0.0,21
2026-04-15T00:03:41.935028,qbittorrent-app-1,ugreen/qbittorrent:v1,2.407509386733417,3208.73046875,41.57981374413964,0,0,0.0,0.0,21
2026-04-15T00:03:52.954824,qbittorrent-app-1,ugreen/qbittorrent:v1,2.725593008739076,3211.78125,41.619346798531254,0,0,0.0,0.0,21
2026-04-15T00:04:03.977731,qbittorrent-app-1,ugreen/qbittorrent:v1,0.6845443196004994,3214.77734375,41.65817119381725,0,0,0.0,0.0,21
2026-04-15T00:04:15.005332,qbittorrent-app-1,ugreen/qbittorrent:v1,0.5779775280898877,3218.84375,41.71086506017022,0,0,0.0,0.0,21
2026-04-15T00:04:26.040349,qbittorrent-app-1,ugreen/qbittorrent:v1,1.8722789539227895,3222.7265625,41.76117985666863,0,0,0.0,0.0,21
2026-04-15T00:04:37.065865,qbittorrent-app-1,ugreen/qbittorrent:v1,0.21486858573216522,3224.359375,41.78233839282189,0,0,0.0,0.0,21
2026-04-15T00:04:48.092057,qbittorrent-app-1,ugreen/qbittorrent:v1,1.7692883895131086,3226.35546875,41.80820445017671,0,0,0.0,0.0,29
2026-04-15T00:04:59.114462,qbittorrent-app-1,ugreen/qbittorrent:v1,0.2320199501246883,3228.31640625,41.833614940963635,0,0,0.0,0.0,29
2026-04-15T00:05:10.142885,qbittorrent-app-1,ugreen/qbittorrent:v1,2.464219725343321,3229.88671875,41.853963580996194,0,0,0.0,0.0,29
2026-04-15T00:05:21.169402,qbittorrent-app-1,ugreen/qbittorrent:v1,1.9844806007509386,3234.03125,41.90766981750003,0,0,0.0,0.0,29
2026-04-15T00:05:32.196580,qbittorrent-app-1,ugreen/qbittorrent:v1,0.8753884711779448,3237.453125,41.952011630108295,0,0,0.0,0.0,29
2026-04-15T00:05:43.219090,qbittorrent-app-1,ugreen/qbittorrent:v1,1.98561797752809,3240.4921875,41.991392828977276,0,0,0.0,0.0,29
2026-04-15T00:05:54.242664,qbittorrent-app-1,ugreen/qbittorrent:v1,2.023341645885287,3244.06640625,42.03770876337974,0,0,0.0,0.0,29
2026-04-15T00:06:05.265813,qbittorrent-app-1,ugreen/qbittorrent:v1,2.3979924717691343,3248.6484375,42.097084272728466,0,0,0.0,0.0,29
2026-04-15T00:06:16.290759,qbittorrent-app-1,ugreen/qbittorrent:v1,1.99328320802005,3250.93359375,42.12669609964152,0,0,0.0,0.0,29
2026-04-15T00:06:27.312654,qbittorrent-app-1,ugreen/qbittorrent:v1,2.2302,3255.1953125,42.181920891371675,0,0,0.0,0.0,21
2026-04-15T00:06:38.332725,qbittorrent-app-1,ugreen/qbittorrent:v1,1.1148194271481944,3258.37890625,42.22317497501977,0,0,0.0,0.0,21
2026-04-15T00:06:49.355654,qbittorrent-app-1,ugreen/qbittorrent:v1,2.784438902743142,3259.125,42.23284310996061,0,0,0.0,0.0,29
2026-04-15T00:07:00.378461,qbittorrent-app-1,ugreen/qbittorrent:v1,2.4101999999999997,3263.27734375,42.286650583479535,0,0,0.0,0.0,29
2026-04-15T00:07:11.404634,qbittorrent-app-1,ugreen/qbittorrent:v1,2.993984962406015,3266.87109375,42.33321961041972,0,0,0.0,0.0,29
2026-04-15T00:07:22.426835,qbittorrent-app-1,ugreen/qbittorrent:v1,0.48700000000000004,3270.296875,42.37761204153552,0,0,0.0,0.0,29
2026-04-15T00:07:33.453595,qbittorrent-app-1,ugreen/qbittorrent:v1,1.8886176836861768,3273.75,42.42235880220413,0,0,0.0,0.0,29
2026-04-15T00:07:44.481170,qbittorrent-app-1,ugreen/qbittorrent:v1,2.1715723270440255,3276.96875,42.46406845242012,0,0,0.0,0.0,29
2026-04-15T00:07:55.502867,qbittorrent-app-1,ugreen/qbittorrent:v1,2.628886107634543,3280.75390625,42.51311778622994,0,0,0.0,0.0,29
2026-04-15T00:08:06.525010,qbittorrent-app-1,ugreen/qbittorrent:v1,1.1237000000000001,3283.87109375,42.553511355249796,0,0,0.0,0.0,29
2026-04-15T00:08:17.549132,qbittorrent-app-1,ugreen/qbittorrent:v1,5.204189526184538,3284.4140625,42.56054732779837,0,0,0.0,0.0,29
2026-04-15T00:08:28.577500,qbittorrent-app-1,ugreen/qbittorrent:v1,0.8932833957553059,3287.16015625,42.596132138601575,0,0,0.0,0.0,29
2026-04-15T00:08:39.599874,qbittorrent-app-1,ugreen/qbittorrent:v1,0.2529837702871411,3289.92578125,42.631970041942495,0,0,0.0,0.0,29
2026-04-15T00:08:50.624249,qbittorrent-app-1,ugreen/qbittorrent:v1,2.3898746867167917,3293.29296875,42.67560319544514,0,0,0.0,0.0,29
2026-04-15T00:09:01.645974,qbittorrent-app-1,ugreen/qbittorrent:v1,0.48129514321295147,3296.03515625,42.711137387740806,0,0,0.0,0.0,29
2026-04-15T00:09:12.666470,qbittorrent-app-1,ugreen/qbittorrent:v1,1.175330836454432,3299.96484375,42.76205960632974,0,0,0.0,0.0,29
2026-04-15T00:09:23.690566,qbittorrent-app-1,ugreen/qbittorrent:v1,1.7538000000000002,3304.72265625,42.82371294851794,0,0,0.0,0.0,21
2026-04-15T00:09:34.715372,qbittorrent-app-1,ugreen/qbittorrent:v1,0.8231578947368421,3308.05078125,42.86683991694515,0,0,0.0,0.0,21
2026-04-15T00:09:45.740107,qbittorrent-app-1,ugreen/qbittorrent:v1,1.3738345864661654,3312.0625,42.91882512419251,0,0,0.0,0.0,21
2026-04-15T00:09:56.763867,qbittorrent-app-1,ugreen/qbittorrent:v1,0.24810000000000001,3315.71875,42.966204047253385,0,0,0.0,0.0,21
2026-04-15T00:10:07.793853,qbittorrent-app-1,ugreen/qbittorrent:v1,2.6212,3317.06640625,42.98366743235596,0,0,0.0,0.0,29
2026-04-15T00:10:18.813637,qbittorrent-app-1,ugreen/qbittorrent:v1,2.0845771144278604,3321.21875,43.03747490587489,0,0,0.0,0.0,29
2026-04-15T00:10:29.837035,qbittorrent-app-1,ugreen/qbittorrent:v1,1.4458,3324.55859375,43.08075372982473,0,0,0.0,0.0,29
2026-04-15T00:10:40.855665,qbittorrent-app-1,ugreen/qbittorrent:v1,1.8033082706766919,3328.234375,43.12838574542332,0,0,0.0,0.0,29
2026-04-15T00:10:51.878719,qbittorrent-app-1,ugreen/qbittorrent:v1,1.0329,3330.9375,43.16341375264356,0,0,0.0,0.0,29
2026-04-15T00:11:02.904506,qbittorrent-app-1,ugreen/qbittorrent:v1,0.9535242839352429,3332.35546875,43.1817882708819,0,0,0.0,0.0,29
2026-04-15T00:11:13.931240,qbittorrent-app-1,ugreen/qbittorrent:v1,1.3202,3336.0078125,43.22911657543524,0,0,0.0,0.0,29
2026-04-15T00:11:24.957531,qbittorrent-app-1,ugreen/qbittorrent:v1,2.5410763454317897,3339.4609375,43.27386333610385,0,0,0.0,0.0,21
2026-04-15T00:11:35.981655,qbittorrent-app-1,ugreen/qbittorrent:v1,1.504159402241594,3343.375,43.32458308066261,0,0,0.0,0.0,21
2026-04-15T00:11:47.004944,qbittorrent-app-1,ugreen/qbittorrent:v1,1.1107884856070087,3347.234375,43.37459416611577,0,0,0.0,0.0,21
2026-04-15T00:11:58.029428,qbittorrent-app-1,ugreen/qbittorrent:v1,0.3264,3351.578125,43.430881946504336,0,0,0.0,0.0,21
2026-04-15T00:12:09.051784,qbittorrent-app-1,ugreen/qbittorrent:v1,1.004055068836045,3355.44140625,43.48094365046503,0,0,0.0,0.0,21
2026-04-15T00:12:20.070732,qbittorrent-app-1,ugreen/qbittorrent:v1,0.9044305381727159,3359.6875,43.53596596816501,0,0,0.0,0.0,21
2026-04-15T00:12:31.091779,qbittorrent-app-1,ugreen/qbittorrent:v1,0.36927680798004986,3362.3984375,43.571095212400316,0,0,0.0,0.0,21
2026-04-15T00:12:42.111427,qbittorrent-app-1,ugreen/qbittorrent:v1,2.7223,3366.140625,43.61958774262716,0,0,0.0,0.0,21
2026-04-15T00:12:53.133524,qbittorrent-app-1,ugreen/qbittorrent:v1,1.32498753117207,3369.75,43.66635924359752,0,0,0.0,0.0,21
2026-04-15T00:13:04.154364,qbittorrent-app-1,ugreen/qbittorrent:v1,3.7001,3374.125,43.723051972046434,0,0,0.0,0.0,21
2026-04-15T00:13:15.177521,qbittorrent-app-1,ugreen/qbittorrent:v1,2.09678391959799,3378.53125,43.7801496485557,0,0,0.0,0.0,21
2026-04-15T00:13:26.201998,qbittorrent-app-1,ugreen/qbittorrent:v1,1.2134,3381.98046875,43.824845790716765,0,0,0.0,0.0,21
2026-04-15T00:13:37.222533,qbittorrent-app-1,ugreen/qbittorrent:v1,0.9060325406758447,3383.80859375,43.8485352522472,0,0,0.0,0.0,21
2026-04-15T00:13:48.247975,qbittorrent-app-1,ugreen/qbittorrent:v1,0.5956445556946183,3387.8203125,43.900520459494565,0,0,0.0,0.0,21
2026-04-15T00:13:59.277453,qbittorrent-app-1,ugreen/qbittorrent:v1,1.5311860174781522,3391.12109375,43.94329309836897,0,0,0.0,0.0,21
2026-04-15T00:14:10.302534,qbittorrent-app-1,ugreen/qbittorrent:v1,2.3491999999999997,3395.33984375,43.99796108651614,0,0,0.0,0.0,21
2026-04-15T00:14:21.330281,qbittorrent-app-1,ugreen/qbittorrent:v1,2.111639549436796,3399.28515625,44.049085779135254,0,0,0.0,0.0,21
2026-04-15T00:14:32.360017,qbittorrent-app-1,ugreen/qbittorrent:v1,1.3823279098873593,3403.91796875,44.109119329082056,0,0,0.0,0.0,21
2026-04-15T00:14:43.385390,qbittorrent-app-1,ugreen/qbittorrent:v1,1.1632459425717854,3407.734375,44.158573610952224,0,0,0.0,0.0,21
2026-04-15T00:14:54.413982,qbittorrent-app-1,ugreen/qbittorrent:v1,0.31770573566084787,3409.4765625,44.18114946531671,0,0,0.0,0.0,21
2026-04-15T00:15:05.434346,qbittorrent-app-1,ugreen/qbittorrent:v1,1.8825531914893618,3411.88671875,44.212381084471154,0,0,0.0,0.0,30
2026-04-15T00:15:16.459399,qbittorrent-app-1,ugreen/qbittorrent:v1,1.3790761548064918,3417.09375,44.27985555502688,0,0,0.0,0.0,29
2026-04-15T00:15:27.478709,qbittorrent-app-1,ugreen/qbittorrent:v1,1.284776119402985,3420.87890625,44.328904888836696,0,0,0.0,0.0,29
2026-04-15T00:15:38.497012,qbittorrent-app-1,ugreen/qbittorrent:v1,2.306182728410513,3424.55078125,44.376486285927754,0,0,0.0,0.0,29
2026-04-15T00:15:49.521245,qbittorrent-app-1,ugreen/qbittorrent:v1,1.226232790988736,3429.1015625,44.43545684721613,0,0,0.0,0.0,29
2026-04-15T00:16:00.547796,qbittorrent-app-1,ugreen/qbittorrent:v1,1.4513141426783478,3433.48828125,44.492301431187684,0,0,0.0,0.0,29
2026-04-15T00:16:11.571527,qbittorrent-app-1,ugreen/qbittorrent:v1,1.2434085213032582,3437.44921875,44.54362859783697,0,0,0.0,0.0,29
2026-04-15T00:16:22.595623,qbittorrent-app-1,ugreen/qbittorrent:v1,1.491764705882353,3440.8359375,44.58751484387734,0,0,0.0,0.0,21
2026-04-15T00:16:33.621123,qbittorrent-app-1,ugreen/qbittorrent:v1,2.2084394506866416,3442.71484375,44.61186234600584,0,0,0.0,0.0,21
2026-04-15T00:16:44.644260,qbittorrent-app-1,ugreen/qbittorrent:v1,1.6355555555555557,3446.51953125,44.66116477235339,0,0,0.0,0.0,21
2026-04-15T00:16:55.671347,qbittorrent-app-1,ugreen/qbittorrent:v1,3.1447309136420527,3447.1171875,44.668909404007564,0,0,0.0,0.0,29
2026-04-15T00:17:06.695250,qbittorrent-app-1,ugreen/qbittorrent:v1,1.0900999999999998,3450.390625,44.71132771332917,0,0,0.0,0.0,29
2026-04-15T00:17:17.718524,qbittorrent-app-1,ugreen/qbittorrent:v1,3.0706766917293233,3454.59765625,44.765843845953704,0,0,0.0,0.0,29
2026-04-15T00:17:28.747968,qbittorrent-app-1,ugreen/qbittorrent:v1,1.7881351689612013,3458.1171875,44.81145112125056,0,0,0.0,0.0,29
2026-04-15T00:17:39.769910,qbittorrent-app-1,ugreen/qbittorrent:v1,1.9145068664169786,3461.91015625,44.86060169207547,0,0,0.0,0.0,29
2026-04-15T00:17:50.793607,qbittorrent-app-1,ugreen/qbittorrent:v1,1.2437546933667083,3465.61328125,44.90858803722688,0,0,0.0,0.0,29
2026-04-15T00:18:01.821999,qbittorrent-app-1,ugreen/qbittorrent:v1,1.8560398505603986,3470.56640625,44.97277230479226,0,0,0.0,0.0,29
2026-04-15T00:18:12.851244,qbittorrent-app-1,ugreen/qbittorrent:v1,0.08598503740648379,3471.484375,44.98466765406502,0,0,0.0,0.0,29
2026-04-15T00:18:23.877261,qbittorrent-app-1,ugreen/qbittorrent:v1,2.967409261576971,3473.1484375,45.00623113827862,0,0,0.0,0.0,29
2026-04-15T00:18:34.904643,qbittorrent-app-1,ugreen/qbittorrent:v1,4.3090274314214465,3473.1015625,45.005623716188104,0,0,0.0,0.0,29
2026-04-15T00:18:45.930690,qbittorrent-app-1,ugreen/qbittorrent:v1,0.7486999999999999,3472.3515625,44.99590496273972,0,0,0.0,0.0,29
2026-04-15T00:18:56.961286,qbittorrent-app-1,ugreen/qbittorrent:v1,0.2284,3474.859375,45.028402044582755,0,0,0.0,0.0,29
2026-04-15T00:19:07.982271,qbittorrent-app-1,ugreen/qbittorrent:v1,0.29069999999999996,3475.20703125,45.03290709175414,0,0,0.0,0.0,29
2026-04-15T00:19:19.006768,qbittorrent-app-1,ugreen/qbittorrent:v1,0.13246882793017456,3477.03515625,45.056596553284585,0,0,0.0,0.0,29
2026-04-15T00:19:30.028836,qbittorrent-app-1,ugreen/qbittorrent:v1,0.6325093632958801,3477.66796875,45.064796751506655,0,0,0.0,0.0,29
2026-04-15T00:19:41.050747,qbittorrent-app-1,ugreen/qbittorrent:v1,2.1999,3481.7578125,45.117794328904886,0,0,0.0,0.0,29
2026-04-15T00:19:52.075393,qbittorrent-app-1,ugreen/qbittorrent:v1,3.157340025094103,3485.87109375,45.17109561734838,0,0,0.0,0.0,29
2026-04-15T00:20:03.101236,qbittorrent-app-1,ugreen/qbittorrent:v1,0.6013000000000001,3487.5390625,45.19270972006953,0,0,0.0,0.0,29
2026-04-15T00:20:14.121368,qbittorrent-app-1,ugreen/qbittorrent:v1,1.5757605985037406,3491.14453125,45.239430602532344,0,0,0.0,0.0,29
2026-04-15T00:20:25.145290,qbittorrent-app-1,ugreen/qbittorrent:v1,2.206441947565543,3494.89453125,45.28802436977427,0,0,0.0,0.0,29
2026-04-15T00:20:36.173104,qbittorrent-app-1,ugreen/qbittorrent:v1,0.19251870324189527,3497.21875,45.31814238176276,0,0,0.0,0.0,29
2026-04-15T00:20:47.194011,qbittorrent-app-1,ugreen/qbittorrent:v1,0.13412935323383085,3497.2109375,45.318041144747674,0,0,0.0,0.0,29
2026-04-15T00:20:58.219519,qbittorrent-app-1,ugreen/qbittorrent:v1,2.733283395755306,3498.20703125,45.33094886417131,0,0,0.0,0.0,29
2026-04-15T00:21:09.243230,qbittorrent-app-1,ugreen/qbittorrent:v1,0.5950124688279301,3500.52734375,45.36101625765225,0,0,0.0,0.0,29
2026-04-15T00:21:20.265551,qbittorrent-app-1,ugreen/qbittorrent:v1,3.3251000000000004,3503.79296875,45.40333332995877,0,0,0.0,0.0,29
2026-04-15T00:21:31.287539,qbittorrent-app-1,ugreen/qbittorrent:v1,2.8387452948557086,3507.83203125,45.45567286675893,0,0,0.0,0.0,29
2026-04-15T00:21:42.312875,qbittorrent-app-1,ugreen/qbittorrent:v1,1.8918703241895263,3498.828125,45.33899720687075,0,0,0.0,0.0,29
2026-04-15T00:21:53.338948,qbittorrent-app-1,ugreen/qbittorrent:v1,14.02737106918239,3495.921875,45.30133703725826,0,0,0.0,0.0,29
2026-04-15T00:22:04.363465,qbittorrent-app-1,ugreen/qbittorrent:v1,1.5011764705882353,3498.79296875,45.33854164030286,0,0,0.0,0.0,29
2026-04-15T00:22:15.388394,qbittorrent-app-1,ugreen/qbittorrent:v1,2.7914000000000003,3502.953125,45.392450350836874,0,0,0.0,0.0,29
2026-04-15T00:22:26.416152,qbittorrent-app-1,ugreen/qbittorrent:v1,3.3099000000000003,3506.93359375,45.44403061002388,0,0,0.0,0.0,21
2026-04-15T00:22:37.439159,qbittorrent-app-1,ugreen/qbittorrent:v1,0.4264669163545568,3509.8671875,45.48204510918919,0,0,0.0,0.0,21
2026-04-15T00:22:48.480182,qbittorrent-app-1,ugreen/qbittorrent:v1,1.0334082397003745,3513.921875,45.53458712001952,0,0,0.0,0.0,21
2026-04-15T00:22:59.502920,qbittorrent-app-1,ugreen/qbittorrent:v1,1.3991,3518.53515625,45.5943675774286,0,0,0.0,0.0,21
2026-04-15T00:23:10.529142,qbittorrent-app-1,ugreen/qbittorrent:v1,1.1144069912609238,3522.25390625,45.64255639661018,0,0,0.0,0.0,21
2026-04-15T00:23:21.554924,qbittorrent-app-1,ugreen/qbittorrent:v1,1.1843018867924529,3526.33984375,45.69550335550087,0,0,0.0,0.0,21
2026-04-15T00:23:32.577022,qbittorrent-app-1,ugreen/qbittorrent:v1,0.3221105527638191,3530.69921875,45.75199360991961,0,0,0.0,0.0,21
2026-04-15T00:23:43.597627,qbittorrent-app-1,ugreen/qbittorrent:v1,1.2947368421052632,3534.5859375,45.802359024925565,0,0,0.0,0.0,21
2026-04-15T00:23:54.622571,qbittorrent-app-1,ugreen/qbittorrent:v1,1.3792,3538.07421875,45.84756135216207,0,0,0.0,0.0,21
2026-04-15T00:24:05.645628,qbittorrent-app-1,ugreen/qbittorrent:v1,0.417356608478803,3539.41796875,45.86497411875709,0,0,0.0,0.0,21
2026-04-15T00:24:16.672202,qbittorrent-app-1,ugreen/qbittorrent:v1,0.14455790784557906,3539.609375,45.86745442562673,0,0,0.0,0.0,21
2026-04-15T00:24:27.700728,qbittorrent-app-1,ugreen/qbittorrent:v1,0.1471839799749687,3540.375,45.8773756531053,0,0,0.0,0.0,29
2026-04-15T00:24:38.727002,qbittorrent-app-1,ugreen/qbittorrent:v1,0.7034207240948813,3541.765625,45.895395841790844,0,0,0.0,0.0,29
2026-04-15T00:24:49.750814,qbittorrent-app-1,ugreen/qbittorrent:v1,2.276,3544.7109375,45.933562196478775,0,0,0.0,0.0,29
2026-04-15T00:25:00.770038,qbittorrent-app-1,ugreen/qbittorrent:v1,4.2691364205256574,3546.5625,45.957555369054475,0,0,0.0,0.0,29
2026-04-15T00:25:11.795416,qbittorrent-app-1,ugreen/qbittorrent:v1,2.2433915211970077,3549.921875,46.001087285542035,0,0,0.0,0.0,29
2026-04-15T00:25:22.823564,qbittorrent-app-1,ugreen/qbittorrent:v1,1.9369999999999998,3552.89453125,46.03960796978278,0,0,0.0,0.0,29
2026-04-15T00:25:33.849048,qbittorrent-app-1,ugreen/qbittorrent:v1,3.783370786516854,3557.0,46.09280802121118,0,0,0.0,0.0,29
2026-04-15T00:25:44.876224,qbittorrent-app-1,ugreen/qbittorrent:v1,3.8704,3561.2890625,46.14838714249414,0,0,0.0,0.0,29
2026-04-15T00:25:55.900115,qbittorrent-app-1,ugreen/qbittorrent:v1,2.668936170212766,3564.8125,46.19404503629853,0,0,0.0,0.0,29
2026-04-15T00:26:06.925843,qbittorrent-app-1,ugreen/qbittorrent:v1,2.7365,3563.05859375,46.17131732641142,0,0,0.0,0.0,29
2026-04-15T00:26:17.951832,qbittorrent-app-1,ugreen/qbittorrent:v1,1.3259,3567.28125,46.226035933066136,0,0,0.0,0.0,29
2026-04-15T00:26:28.977448,qbittorrent-app-1,ugreen/qbittorrent:v1,1.8907,3567.39453125,46.227503869784904,0,0,0.0,0.0,21
2026-04-15T00:26:40.005102,qbittorrent-app-1,ugreen/qbittorrent:v1,0.15820448877805487,3564.30078125,46.18741401181031,0,0,0.0,0.0,21
2026-04-15T00:26:51.031954,qbittorrent-app-1,ugreen/qbittorrent:v1,0.0674,3564.375,46.188375763453635,0,0,0.0,0.0,21
2026-04-15T00:27:02.055284,qbittorrent-app-1,ugreen/qbittorrent:v1,1.4045112781954887,3564.375,46.188375763453635,0,0,0.0,0.0,21
2026-04-15T00:27:13.084797,qbittorrent-app-1,ugreen/qbittorrent:v1,0.1417683686176837,3564.2578125,46.18685720822733,0,0,0.0,0.0,21
2026-04-15T00:27:24.109524,qbittorrent-app-1,ugreen/qbittorrent:v1,0.1501123595505618,3564.3125,46.18756586733294,0,0,0.0,0.0,21
2026-04-15T00:27:35.136457,qbittorrent-app-1,ugreen/qbittorrent:v1,0.2386052303860523,3564.37109375,46.1883251449461,0,0,0.0,0.0,21
2026-04-15T00:27:46.162851,qbittorrent-app-1,ugreen/qbittorrent:v1,0.1204494382022472,3564.2734375,46.187059682257505,0,0,0.0,0.0,21
2026-04-15T00:27:57.187924,qbittorrent-app-1,ugreen/qbittorrent:v1,1.7888279301745635,3564.58984375,46.19115978136854,0,0,0.0,0.0,21
2026-04-15T00:28:08.216148,qbittorrent-app-1,ugreen/qbittorrent:v1,0.15261845386533665,3564.34765625,46.188021433900836,0,0,0.0,0.0,21
2026-04-15T00:28:19.240984,qbittorrent-app-1,ugreen/qbittorrent:v1,0.30551810237203497,3564.39453125,46.18862885599136,0,0,0.0,0.0,21
2026-04-15T00:28:30.262219,qbittorrent-app-1,ugreen/qbittorrent:v1,0.2071410736579276,3564.3125,46.18756586733294,0,0,0.0,0.0,19
2026-04-15T00:28:41.289021,qbittorrent-app-1,ugreen/qbittorrent:v1,0.1875,3564.359375,46.18817328942347,0,0,0.0,0.0,19
2026-04-15T00:28:52.314903,qbittorrent-app-1,ugreen/qbittorrent:v1,0.31158948685857324,3564.2890625,46.18726215628768,0,0,0.0,0.0,19
2026-04-15T00:29:03.336498,qbittorrent-app-1,ugreen/qbittorrent:v1,0.2582771535580524,3564.3125,46.18756586733294,0,0,0.0,0.0,19
2026-04-15T00:29:14.361832,qbittorrent-app-1,ugreen/qbittorrent:v1,0.1792,3564.296875,46.18736339330277,0,0,0.0,0.0,19
2026-04-15T00:29:25.383772,qbittorrent-app-1,ugreen/qbittorrent:v1,0.4410486891385768,3564.28125,46.18716091927259,0,0,0.0,0.0,19
2026-04-15T00:29:36.406835,qbittorrent-app-1,ugreen/qbittorrent:v1,0.1358,3564.328125,46.18776834136312,0,0,0.0,0.0,19
2026-04-15T00:29:47.434542,qbittorrent-app-1,ugreen/qbittorrent:v1,0.8312999999999999,3564.51953125,46.19024864823275,0,0,0.0,0.0,19
2026-04-15T00:29:58.462209,qbittorrent-app-1,ugreen/qbittorrent:v1,0.8617772215269086,3564.5078125,46.19009679271012,0,0,0.0,0.0,19
2026-04-15T00:30:09.484891,qbittorrent-app-1,ugreen/qbittorrent:v1,0.23949937421777223,3564.23046875,46.186502878674524,0,0,0.0,0.0,19
2026-04-15T00:30:20.512496,qbittorrent-app-1,ugreen/qbittorrent:v1,0.10169999999999998,3564.24609375,46.1867053527047,0,0,0.0,0.0,20
2026-04-15T00:30:31.541587,qbittorrent-app-1,ugreen/qbittorrent:v1,0.24310387984981227,3564.4140625,46.18888194852907,0,0,0.0,0.0,20
2026-04-15T00:30:42.564226,qbittorrent-app-1,ugreen/qbittorrent:v1,0.47829787234042553,3564.51171875,46.190147411217666,0,0,0.0,0.0,20
2026-04-15T00:30:53.587005,qbittorrent-app-1,ugreen/qbittorrent:v1,0.30551810237203497,3564.390625,46.18857823748381,0,0,0.0,0.0,20
2026-04-15T00:31:04.620944,qbittorrent-app-1,ugreen/qbittorrent:v1,0.16,3564.3828125,46.18847700046872,0,0,0.0,0.0,20
2026-04-15T00:31:15.643303,qbittorrent-app-1,ugreen/qbittorrent:v1,0.3221026282853567,3564.40625,46.188780711513985,0,0,0.0,0.0,20
2026-04-15T00:31:26.667629,qbittorrent-app-1,ugreen/qbittorrent:v1,0.2205486284289277,3564.41796875,46.18893256703662,0,0,0.0,0.0,20
2026-04-15T00:31:37.689116,qbittorrent-app-1,ugreen/qbittorrent:v1,0.7145137157107232,3564.7109375,46.192728955102396,0,0,0.0,0.0,20
2026-04-15T00:31:48.710809,qbittorrent-app-1,ugreen/qbittorrent:v1,0.08752823086574654,3564.44921875,46.189337515096966,0,0,0.0,0.0,20
2026-04-15T00:31:59.735417,qbittorrent-app-1,ugreen/qbittorrent:v1,0.2382022471910112,3564.4453125,46.18928689658943,0,0,0.0,0.0,20
2026-04-15T00:32:10.758453,qbittorrent-app-1,ugreen/qbittorrent:v1,0.4129,3564.45703125,46.18943875211205,0,0,0.0,0.0,20
2026-04-15T00:32:21.781715,qbittorrent-app-1,ugreen/qbittorrent:v1,0.0963,3564.390625,46.18857823748381,0,0,0.0,0.0,20
2026-04-15T00:32:32.808022,qbittorrent-app-1,ugreen/qbittorrent:v1,0.5353383458646617,3564.7265625,46.19293142913257,0,0,0.0,0.0,20
2026-04-15T00:32:43.830137,qbittorrent-app-1,ugreen/qbittorrent:v1,0.22588235294117645,3564.4140625,46.18888194852907,0,0,0.0,0.0,20
2026-04-15T00:32:54.851035,qbittorrent-app-1,ugreen/qbittorrent:v1,0.27999999999999997,3564.48828125,46.1898437001724,0,0,0.0,0.0,20
2026-04-15T00:33:05.876415,qbittorrent-app-1,ugreen/qbittorrent:v1,0.10753117206982543,3564.4140625,46.18888194852907,0,0,0.0,0.0,20
2026-04-15T00:33:16.905356,qbittorrent-app-1,ugreen/qbittorrent:v1,0.4219354838709677,3564.53515625,46.190451122262935,0,0,0.0,0.0,20
2026-04-15T00:33:27.932819,qbittorrent-app-1,ugreen/qbittorrent:v1,0.39240948813982524,3564.53515625,46.190451122262935,0,0,0.0,0.0,20
2026-04-15T00:33:38.958797,qbittorrent-app-1,ugreen/qbittorrent:v1,0.1758801498127341,3564.515625,46.19019802972521,0,0,0.0,0.0,20
2026-04-15T00:33:49.980896,qbittorrent-app-1,ugreen/qbittorrent:v1,0.20344569288389516,3564.78125,46.19364008823818,0,0,0.0,0.0,20
2026-04-15T00:34:01.005868,qbittorrent-app-1,ugreen/qbittorrent:v1,0.11935081148564296,3564.62109375,46.19156472942889,0,0,0.0,0.0,20
2026-04-15T00:34:12.030570,qbittorrent-app-1,ugreen/qbittorrent:v1,0.45799999999999996,3564.65625,46.192020295996784,0,0,0.0,0.0,20
2026-04-15T00:34:23.057629,qbittorrent-app-1,ugreen/qbittorrent:v1,0.968,3564.94140625,46.195715447047476,0,0,0.0,0.0,20
2026-04-15T00:34:34.079498,qbittorrent-app-1,ugreen/qbittorrent:v1,0.12354556803995005,3564.8984375,46.19515864346449,0,0,0.0,0.0,20
2026-04-15T00:34:45.104936,qbittorrent-app-1,ugreen/qbittorrent:v1,0.29556109725685786,3564.6875,46.192425244057134,0,0,0.0,0.0,20
2026-04-15T00:34:56.127462,qbittorrent-app-1,ugreen/qbittorrent:v1,0.5043304130162704,3564.765625,46.19343761420801,0,0,0.0,0.0,20
2026-04-15T00:35:07.151156,qbittorrent-app-1,ugreen/qbittorrent:v1,0.26382978723404255,3564.734375,46.19303266614766,0,0,0.0,0.0,20
2026-04-15T00:35:18.175644,qbittorrent-app-1,ugreen/qbittorrent:v1,0.37066332916145184,3564.73046875,46.192982047640115,0,0,0.0,0.0,19
2026-04-15T00:35:29.198626,qbittorrent-app-1,ugreen/qbittorrent:v1,0.26470734744707347,3564.75,46.19323514017783,0,0,0.0,0.0,19
2026-04-15T00:35:40.225538,qbittorrent-app-1,ugreen/qbittorrent:v1,0.20140000000000002,3564.78515625,46.19369070674573,0,0,0.0,0.0,19
2026-04-15T00:35:51.251089,qbittorrent-app-1,ugreen/qbittorrent:v1,0.0452,3564.671875,46.19222277002696,0,0,0.0,0.0,19
2026-04-15T00:36:02.276959,qbittorrent-app-1,ugreen/qbittorrent:v1,0.17654135338345867,3564.765625,46.19343761420801,0,0,0.0,0.0,20
2026-04-15T00:36:13.296520,qbittorrent-app-1,ugreen/qbittorrent:v1,0.47879849812265335,3564.859375,46.19465245838906,0,0,0.0,0.0,20
2026-04-15T00:36:24.318724,qbittorrent-app-1,ugreen/qbittorrent:v1,0.03869674185463659,3564.86328125,46.1947030768966,0,0,0.0,0.0,20
2026-04-15T00:36:35.340264,qbittorrent-app-1,ugreen/qbittorrent:v1,0.21159999999999998,3564.87109375,46.19480431391169,0,0,0.0,0.0,20
2026-04-15T00:36:46.363694,qbittorrent-app-1,ugreen/qbittorrent:v1,0.08189290161892902,3564.859375,46.19465245838906,0,0,0.0,0.0,20
2026-04-15T00:36:57.388675,qbittorrent-app-1,ugreen/qbittorrent:v1,0.12229426433915211,3564.87890625,46.19490555092678,0,0,0.0,0.0,20
2026-04-15T00:37:08.416147,qbittorrent-app-1,ugreen/qbittorrent:v1,0.2746401985111663,3564.8828125,46.19495616943432,0,0,0.0,0.0,20
2026-04-15T00:37:19.443467,qbittorrent-app-1,ugreen/qbittorrent:v1,0.24069738480697384,3564.953125,46.19586730257011,0,0,0.0,0.0,20
2026-04-15T00:37:30.464139,qbittorrent-app-1,ugreen/qbittorrent:v1,0.1044,3564.99609375,46.19642410615308,0,0,0.0,0.0,20
2026-04-15T00:37:41.488967,qbittorrent-app-1,ugreen/qbittorrent:v1,0.3183021223470662,3564.953125,46.19586730257011,0,0,0.0,0.0,20
2026-04-15T00:37:52.512744,qbittorrent-app-1,ugreen/qbittorrent:v1,1.0538480697384807,3564.8359375,46.194348747343795,0,0,0.0,0.0,20
2026-04-15T00:38:03.539352,qbittorrent-app-1,ugreen/qbittorrent:v1,0.20346298619824343,3564.93359375,46.19561421003239,0,0,0.0,0.0,20
2026-04-15T00:38:14.563466,qbittorrent-app-1,ugreen/qbittorrent:v1,1.384630788485607,3564.96484375,46.19601915809273,0,0,0.0,0.0,20
2026-04-15T00:38:25.591336,qbittorrent-app-1,ugreen/qbittorrent:v1,0.1505,3564.9453125,46.19576606555501,0,0,0.0,0.0,20
2026-04-15T00:38:36.620614,qbittorrent-app-1,ugreen/qbittorrent:v1,0.39081148564294627,3565.28125,46.200119257203774,0,0,0.0,0.0,20
2026-04-15T00:38:47.642646,qbittorrent-app-1,ugreen/qbittorrent:v1,0.23540574282147317,3565.01953125,46.196727817198344,0,0,0.0,0.0,20
2026-04-15T00:38:58.668065,qbittorrent-app-1,ugreen/qbittorrent:v1,0.1687,3565.0,46.19647472466063,0,0,0.0,0.0,20
2026-04-15T00:39:09.694535,qbittorrent-app-1,ugreen/qbittorrent:v1,0.9437797246558197,3565.25390625,46.19976492765097,0,0,0.0,0.0,20
2026-04-15T00:39:20.723366,qbittorrent-app-1,ugreen/qbittorrent:v1,0.373832709113608,3565.078125,46.1974870948115,0,0,0.0,0.0,20
2026-04-15T00:39:31.757134,qbittorrent-app-1,ugreen/qbittorrent:v1,0.12159203980099502,3565.09375,46.197689568841675,0,0,0.0,0.0,20
2026-04-15T00:39:42.785499,qbittorrent-app-1,ugreen/qbittorrent:v1,0.1697,3565.27734375,46.20006863869623,0,0,0.0,0.0,20
2026-04-15T00:39:53.811828,qbittorrent-app-1,ugreen/qbittorrent:v1,0.156,3565.0703125,46.19738585779641,0,0,0.0,0.0,19
2026-04-15T00:40:04.834013,qbittorrent-app-1,ugreen/qbittorrent:v1,0.19935081148564296,3565.0234375,46.196778435705895,0,0,0.0,0.0,19
2026-04-15T00:40:15.865959,qbittorrent-app-1,ugreen/qbittorrent:v1,0.28064918851435705,3565.140625,46.1982969909322,0,0,0.0,0.0,21
2026-04-15T00:40:26.897266,qbittorrent-app-1,ugreen/qbittorrent:v1,0.2225782227784731,3565.1875,46.198904413022724,0,0,0.0,0.0,21
2026-04-15T00:40:37.920334,qbittorrent-app-1,ugreen/qbittorrent:v1,0.44418952618453866,3565.234375,46.19951183511325,0,0,0.0,0.0,21
2026-04-15T00:40:48.946227,qbittorrent-app-1,ugreen/qbittorrent:v1,0.15165829145728643,3565.26171875,46.199866164666055,0,0,0.0,0.0,21
2026-04-15T00:40:59.971618,qbittorrent-app-1,ugreen/qbittorrent:v1,0.2552808988764045,3565.33984375,46.20087853481693,0,0,0.0,0.0,21
2026-04-15T00:41:11.016702,qbittorrent-app-1,ugreen/qbittorrent:v1,0.14464240903387704,3565.296875,46.20032173123395,0,0,0.0,0.0,21
2026-04-15T00:41:22.049108,qbittorrent-app-1,ugreen/qbittorrent:v1,0.4121847690387016,3565.31640625,46.20057482377167,0,0,0.0,0.0,21
2026-04-15T00:41:33.077745,qbittorrent-app-1,ugreen/qbittorrent:v1,0.20883895131086141,3565.28125,46.200119257203774,0,0,0.0,0.0,21
2026-04-15T00:41:44.099123,qbittorrent-app-1,ugreen/qbittorrent:v1,0.3518204488778055,3565.35546875,46.2010810088471,0,0,0.0,0.0,21
2026-04-15T00:41:55.128572,qbittorrent-app-1,ugreen/qbittorrent:v1,0.11739999999999999,3565.2578125,46.19981554615851,0,0,0.0,0.0,21
2026-04-15T00:42:06.154328,qbittorrent-app-1,ugreen/qbittorrent:v1,0.2235,3565.3125,46.200524205264124,0,0,0.0,0.0,21
2026-04-15T00:42:17.183740,qbittorrent-app-1,ugreen/qbittorrent:v1,0.33233830845771145,3565.29296875,46.200271112726405,0,0,0.0,0.0,20
2026-04-15T00:42:28.222460,qbittorrent-app-1,ugreen/qbittorrent:v1,0.1752808988764045,3565.3515625,46.20103039033956,0,0,0.0,0.0,20
2026-04-15T00:42:39.243068,qbittorrent-app-1,ugreen/qbittorrent:v1,0.10042341220423412,3565.30078125,46.20037234974149,0,0,0.0,0.0,20
2026-04-15T00:42:50.273228,qbittorrent-app-1,ugreen/qbittorrent:v1,0.11684605757196495,3565.37890625,46.20138471989236,0,0,0.0,0.0,20
2026-04-15T00:43:01.297202,qbittorrent-app-1,ugreen/qbittorrent:v1,0.1699,3565.30859375,46.20047358675658,0,0,0.0,0.0,20
2026-04-15T00:43:12.322944,qbittorrent-app-1,ugreen/qbittorrent:v1,0.5546067415730337,3565.3046875,46.200422968249036,0,0,0.0,0.0,20
2026-04-15T00:43:23.345184,qbittorrent-app-1,ugreen/qbittorrent:v1,0.2324906132665832,3565.359375,46.20113162735465,0,0,0.0,0.0,20
2026-04-15T00:43:34.368829,qbittorrent-app-1,ugreen/qbittorrent:v1,0.17822277847309137,3565.3515625,46.20103039033956,0,0,0.0,0.0,20
2026-04-15T00:43:45.392804,qbittorrent-app-1,ugreen/qbittorrent:v1,0.5682999999999999,3565.484375,46.20275141959604,0,0,0.0,0.0,20
2026-04-15T00:43:56.417054,qbittorrent-app-1,ugreen/qbittorrent:v1,0.16079900124843946,3565.5546875,46.20366255273183,0,0,0.0,0.0,22
2026-04-15T00:44:07.437689,qbittorrent-app-1,ugreen/qbittorrent:v1,0.4047,3565.5625,46.203763789746915,0,0,0.0,0.0,22
2026-04-15T00:44:18.463880,qbittorrent-app-1,ugreen/qbittorrent:v1,0.1939424280350438,3565.60546875,46.2043205933299,0,0,0.0,0.0,22
2026-04-15T00:44:29.491767,qbittorrent-app-1,ugreen/qbittorrent:v1,0.42856429463171036,3565.6171875,46.20447244885253,0,0,0.0,0.0,22
2026-04-15T00:44:40.516136,qbittorrent-app-1,ugreen/qbittorrent:v1,0.10217228464419477,3565.69921875,46.205535437510946,0,0,0.0,0.0,22
2026-04-15T00:44:51.540633,qbittorrent-app-1,ugreen/qbittorrent:v1,0.1112219451371571,3565.71875,46.205788530048665,0,0,0.0,0.0,22
2026-04-15T00:45:02.569037,qbittorrent-app-1,ugreen/qbittorrent:v1,0.2822,3565.77734375,46.20654780766182,0,0,0.0,0.0,23
2026-04-15T00:45:13.592536,qbittorrent-app-1,ugreen/qbittorrent:v1,0.20179999999999998,3565.99609375,46.20938244408427,0,0,0.0,0.0,20
2026-04-15T00:45:24.614342,qbittorrent-app-1,ugreen/qbittorrent:v1,0.1906616729088639,3565.72265625,46.20583914855621,0,0,0.0,0.0,20
2026-04-15T00:45:35.643484,qbittorrent-app-1,ugreen/qbittorrent:v1,0.1316708229426434,3565.6953125,46.2054848190034,0,0,0.0,0.0,20
2026-04-15T00:45:46.670284,qbittorrent-app-1,ugreen/qbittorrent:v1,0.16060075093867332,3565.640625,46.20477615989779,0,0,0.0,0.0,20
2026-04-15T00:45:57.691183,qbittorrent-app-1,ugreen/qbittorrent:v1,0.20772104607721045,3565.91796875,46.208370073933395,0,0,0.0,0.0,20
2026-04-15T00:46:08.717578,qbittorrent-app-1,ugreen/qbittorrent:v1,0.02896379525593009,3565.68359375,46.20533296348077,0,0,0.0,0.0,20
2026-04-15T00:46:19.746186,qbittorrent-app-1,ugreen/qbittorrent:v1,0.21036295369211513,3566.1953125,46.21196398796899,0,0,0.0,0.0,20
2026-04-15T00:46:30.771514,qbittorrent-app-1,ugreen/qbittorrent:v1,0.2744430538172716,3565.78125,46.206598426169364,0,0,0.0,0.0,20
2026-04-15T00:46:41.799782,qbittorrent-app-1,ugreen/qbittorrent:v1,0.09168539325842696,3565.71484375,46.20573791154112,0,0,0.0,0.0,20
2026-04-15T00:46:52.823593,qbittorrent-app-1,ugreen/qbittorrent:v1,0.1121,3565.74609375,46.20614285960147,0,0,0.0,0.0,20
2026-04-15T00:47:03.854125,qbittorrent-app-1,ugreen/qbittorrent:v1,0.1146134663341646,3565.703125,46.20558605601849,0,0,0.0,0.0,20
2026-04-15T00:47:14.881969,qbittorrent-app-1,ugreen/qbittorrent:v1,0.154207240948814,3565.66796875,46.205130489450596,0,0,0.0,0.0,19
2026-04-15T00:47:25.907651,qbittorrent-app-1,ugreen/qbittorrent:v1,0.8501627033792241,3565.7265625,46.20588976706375,0,0,0.0,0.0,19
2026-04-15T00:47:36.930813,qbittorrent-app-1,ugreen/qbittorrent:v1,0.18932668329177058,3565.76171875,46.206345333631646,0,0,0.0,0.0,20
2026-04-15T00:47:47.960173,qbittorrent-app-1,ugreen/qbittorrent:v1,0.22082397003745316,3565.82421875,46.207155229752345,0,0,0.0,0.0,20
2026-04-15T00:47:58.987361,qbittorrent-app-1,ugreen/qbittorrent:v1,0.14453865336658353,3565.80859375,46.20695275572217,0,0,0.0,0.0,20
2026-04-15T00:48:10.015650,qbittorrent-app-1,ugreen/qbittorrent:v1,0.3348443337484433,3565.859375,46.20761079632024,0,0,0.0,0.0,20
2026-04-15T00:48:21.042934,qbittorrent-app-1,ugreen/qbittorrent:v1,0.0633,3565.75390625,46.20624409661656,0,0,0.0,0.0,20
2026-04-15T00:48:32.068874,qbittorrent-app-1,ugreen/qbittorrent:v1,0.06711610486891385,3565.7578125,46.2062947151241,0,0,0.0,0.0,20
2026-04-15T00:48:43.094601,qbittorrent-app-1,ugreen/qbittorrent:v1,0.07301745635910224,3565.7734375,46.20649718915428,0,0,0.0,0.0,20
2026-04-15T00:48:54.122424,qbittorrent-app-1,ugreen/qbittorrent:v1,1.6749253731343283,3565.7421875,46.20609224109393,0,0,0.0,0.0,20
2026-04-15T00:49:05.149073,qbittorrent-app-1,ugreen/qbittorrent:v1,0.30387984981226535,3565.80078125,46.20685151870708,0,0,0.0,0.0,20
2026-04-15T00:49:16.173461,qbittorrent-app-1,ugreen/qbittorrent:v1,0.11702233250620347,3565.81640625,46.20705399273726,0,0,0.0,0.0,20
2026-04-15T00:49:27.199907,qbittorrent-app-1,ugreen/qbittorrent:v1,0.10277153558052433,3565.8046875,46.20690213721463,0,0,0.0,0.0,20
2026-04-15T00:49:38.229946,qbittorrent-app-1,ugreen/qbittorrent:v1,0.35224030037546933,3565.84375,46.207408322290064,0,0,0.0,0.0,20
2026-04-15T00:49:49.253746,qbittorrent-app-1,ugreen/qbittorrent:v1,0.04591478696741855,3565.859375,46.20761079632024,0,0,0.0,0.0,20
2026-04-15T00:50:00.280147,qbittorrent-app-1,ugreen/qbittorrent:v1,0.5748,3565.8203125,46.2071046112448,0,0,0.0,0.0,20
2026-04-15T00:50:11.305891,qbittorrent-app-1,ugreen/qbittorrent:v1,0.10523690773067332,3565.8671875,46.207712033335326,0,0,0.0,0.0,20
2026-04-15T00:50:22.334529,qbittorrent-app-1,ugreen/qbittorrent:v1,0.1533083645443196,3565.81640625,46.20705399273726,0,0,0.0,0.0,20
2026-04-15T00:50:33.361013,qbittorrent-app-1,ugreen/qbittorrent:v1,0.05657071339173968,3565.7890625,46.20669966318445,0,0,0.0,0.0,19
2026-04-15T00:50:44.385596,qbittorrent-app-1,ugreen/qbittorrent:v1,0.0601496259351621,3565.76171875,46.206345333631646,0,0,0.0,0.0,19
2026-04-15T00:50:55.414226,qbittorrent-app-1,ugreen/qbittorrent:v1,1.4380024968789014,3565.84765625,46.20745894079761,0,0,0.0,0.0,19
2026-04-15T00:51:06.441425,qbittorrent-app-1,ugreen/qbittorrent:v1,0.07461346633416459,3565.796875,46.20680090019954,0,0,0.0,0.0,19
2026-04-15T00:51:17.471986,qbittorrent-app-1,ugreen/qbittorrent:v1,0.44415519399249065,3565.8828125,46.2079145073655,0,0,0.0,0.0,20
2026-04-15T00:51:28.495378,qbittorrent-app-1,ugreen/qbittorrent:v1,0.28754057428214735,3566.390625,46.21449491334618,0,0,0.0,0.0,20
2026-04-15T00:51:39.520355,qbittorrent-app-1,ugreen/qbittorrent:v1,1.65063670411985,3565.95703125,46.20887625900883,0,0,0.0,0.0,20
2026-04-15T00:51:50.554330,qbittorrent-app-1,ugreen/qbittorrent:v1,0.04916145181476846,3565.984375,46.20923058856163,0,0,0.0,0.0,20
2026-04-15T00:52:01.582132,qbittorrent-app-1,ugreen/qbittorrent:v1,0.5279800498753118,3566.375,46.214292439316004,0,0,0.0,0.0,20
2026-04-15T00:52:12.612334,qbittorrent-app-1,ugreen/qbittorrent:v1,0.09306733167082294,3566.1640625,46.21155903990864,0,0,0.0,0.0,20
2026-04-15T00:52:23.643117,qbittorrent-app-1,ugreen/qbittorrent:v1,0.2402992518703242,3566.20703125,46.212115843491624,0,0,0.0,0.0,20
2026-04-15T00:52:34.666508,qbittorrent-app-1,ugreen/qbittorrent:v1,0.20049875311720697,3566.28515625,46.2131282136425,0,0,0.0,0.0,20
2026-04-15T00:52:45.694176,qbittorrent-app-1,ugreen/qbittorrent:v1,0.2859,3566.7109375,46.21864563096476,0,0,0.0,0.0,20
2026-04-15T00:52:56.726240,qbittorrent-app-1,ugreen/qbittorrent:v1,0.06641697877652934,3566.60546875,46.21727893126108,0,0,0.0,0.0,20
2026-04-15T00:53:07.750161,qbittorrent-app-1,ugreen/qbittorrent:v1,0.14851435705368288,3566.66796875,46.21808882738178,0,0,0.0,0.0,20
2026-04-15T00:53:18.771437,qbittorrent-app-1,ugreen/qbittorrent:v1,0.07631840796019901,3566.60546875,46.21727893126108,0,0,0.0,0.0,20
2026-04-15T00:53:29.794816,qbittorrent-app-1,ugreen/qbittorrent:v1,0.03551122194513716,3566.56640625,46.21677274618564,0,0,0.0,0.0,20
2026-04-15T00:53:40.818758,qbittorrent-app-1,ugreen/qbittorrent:v1,0.1855680399500624,3566.59375,46.217127075738446,0,0,0.0,0.0,20
2026-04-15T00:53:51.847433,qbittorrent-app-1,ugreen/qbittorrent:v1,0.1038,3566.609375,46.21732954976862,0,0,0.0,0.0,20
2026-04-15T00:54:02.875954,qbittorrent-app-1,ugreen/qbittorrent:v1,0.0672478206724782,3566.640625,46.21773449782897,0,0,0.0,0.0,20
2026-04-15T00:54:13.906569,qbittorrent-app-1,ugreen/qbittorrent:v1,0.07051186017478152,3566.734375,46.21894934201002,0,0,0.0,0.0,20
2026-04-15T00:54:24.934205,qbittorrent-app-1,ugreen/qbittorrent:v1,0.14651685393258426,3566.68359375,46.21829130141195,0,0,0.0,0.0,20
2026-04-15T00:54:35.963457,qbittorrent-app-1,ugreen/qbittorrent:v1,0.09187032418952619,3566.98046875,46.222138307985276,0,0,0.0,0.0,20
2026-04-15T00:54:46.988622,qbittorrent-app-1,ugreen/qbittorrent:v1,0.3025782227784731,3567.0859375,46.223505007688956,0,0,0.0,0.0,20
2026-04-15T00:54:58.012614,qbittorrent-app-1,ugreen/qbittorrent:v1,0.03905118601747815,3566.82421875,46.220113567683526,0,0,0.0,0.0,20
2026-04-15T00:55:09.040794,qbittorrent-app-1,ugreen/qbittorrent:v1,0.08678304239401496,3566.828125,46.22016418619107,0,0,0.0,0.0,20
2026-04-15T00:55:20.068590,qbittorrent-app-1,ugreen/qbittorrent:v1,0.04798004987531172,3566.8125,46.219961712160895,0,0,0.0,0.0,20
2026-04-15T00:55:31.102188,qbittorrent-app-1,ugreen/qbittorrent:v1,0.11795255930087392,3566.8515625,46.220467897236325,0,0,0.0,0.0,20
2026-04-15T00:55:42.132350,qbittorrent-app-1,ugreen/qbittorrent:v1,0.05226932668329177,3566.80859375,46.21991109365335,0,0,0.0,0.0,20
2026-04-15T00:55:53.154619,qbittorrent-app-1,ugreen/qbittorrent:v1,0.03925093632958802,3566.828125,46.22016418619107,0,0,0.0,0.0,20
2026-04-15T00:56:04.181265,qbittorrent-app-1,ugreen/qbittorrent:v1,0.034129353233830845,3566.8203125,46.22006294917598,0,0,0.0,0.0,20
2026-04-15T00:56:15.211904,qbittorrent-app-1,ugreen/qbittorrent:v1,0.5653932584269663,3566.828125,46.22016418619107,0,0,0.0,0.0,19
2026-04-15T00:56:26.246089,qbittorrent-app-1,ugreen/qbittorrent:v1,0.05894736842105263,3566.80078125,46.219809856638264,0,0,0.0,0.0,19
2026-04-15T00:56:37.276183,qbittorrent-app-1,ugreen/qbittorrent:v1,0.0649624060150376,3566.80078125,46.219809856638264,0,0,0.0,0.0,19
2026-04-15T00:56:48.306550,qbittorrent-app-1,ugreen/qbittorrent:v1,0.1166,3566.765625,46.21935429007037,0,0,0.0,0.0,19
2026-04-15T00:56:59.333033,qbittorrent-app-1,ugreen/qbittorrent:v1,0.2437,3566.87890625,46.22082222678914,0,0,0.0,0.0,20
2026-04-15T00:57:10.360934,qbittorrent-app-1,ugreen/qbittorrent:v1,0.2952,3566.94140625,46.22163212290983,0,0,0.0,0.0,20
2026-04-15T00:57:21.395273,qbittorrent-app-1,ugreen/qbittorrent:v1,0.04863920099875156,3567.00390625,46.22244201903054,0,0,0.0,0.0,20
2026-04-15T00:57:32.424378,qbittorrent-app-1,ugreen/qbittorrent:v1,0.16359550561797753,3567.1015625,46.22370748171913,0,0,0.0,0.0,20
2026-04-15T00:57:43.451116,qbittorrent-app-1,ugreen/qbittorrent:v1,0.05,3567.06640625,46.22325191515123,0,0,0.0,0.0,20
2026-04-15T00:57:54.475173,qbittorrent-app-1,ugreen/qbittorrent:v1,0.07002493765586035,3567.07421875,46.22335315216632,0,0,0.0,0.0,20
2026-04-15T00:58:05.502776,qbittorrent-app-1,ugreen/qbittorrent:v1,0.0588,3567.1015625,46.22370748171913,0,0,0.0,0.0,20
2026-04-15T00:58:16.529039,qbittorrent-app-1,ugreen/qbittorrent:v1,0.15228070175438596,3567.13671875,46.22416304828702,0,0,0.0,0.0,20
2026-04-15T00:58:27.558103,qbittorrent-app-1,ugreen/qbittorrent:v1,0.23900373599003735,3567.14453125,46.224264285302105,0,0,0.0,0.0,20
2026-04-15T00:58:38.585771,qbittorrent-app-1,ugreen/qbittorrent:v1,0.1227930174563591,3567.09765625,46.22365686321158,0,0,0.0,0.0,20
2026-04-15T00:58:49.614517,qbittorrent-app-1,ugreen/qbittorrent:v1,0.1448,3567.16015625,46.22446675933228,0,0,0.0,0.0,20
2026-04-15T00:59:00.643673,qbittorrent-app-1,ugreen/qbittorrent:v1,0.79639549436796,3567.1484375,46.22431490380965,0,0,0.0,0.0,20
2026-04-15T00:59:11.669309,qbittorrent-app-1,ugreen/qbittorrent:v1,0.0236,3567.1640625,46.224517377839824,0,0,0.0,0.0,20
2026-04-15T00:59:22.698239,qbittorrent-app-1,ugreen/qbittorrent:v1,0.16080100125156446,3567.17578125,46.224669233362455,0,0,0.0,0.0,20
2026-04-15T00:59:33.739237,qbittorrent-app-1,ugreen/qbittorrent:v1,0.039151061173533085,3567.19921875,46.22497294440772,0,0,0.0,0.0,20
2026-04-15T00:59:44.764525,qbittorrent-app-1,ugreen/qbittorrent:v1,0.19422885572139303,3567.7578125,46.232211390986464,0,0,0.0,0.0,20
2026-04-15T00:59:55.793959,qbittorrent-app-1,ugreen/qbittorrent:v1,0.09759006211180124,3567.2578125,46.22573222202087,0,0,0.0,0.0,20
2026-04-15T01:00:06.824302,qbittorrent-app-1,ugreen/qbittorrent:v1,0.06953922789539227,3567.26171875,46.22578284052842,0,0,0.0,0.0,22
2026-04-15T01:00:17.853331,qbittorrent-app-1,ugreen/qbittorrent:v1,0.2313,3567.2734375,46.22593469605105,0,0,0.0,0.0,20
2026-04-15T01:00:28.882194,qbittorrent-app-1,ugreen/qbittorrent:v1,0.18204488778054861,3567.28515625,46.22608655157368,0,0,0.0,0.0,20
2026-04-15T01:00:39.916167,qbittorrent-app-1,ugreen/qbittorrent:v1,0.06832917705735661,3567.30078125,46.226289025603855,0,0,0.0,0.0,20
2026-04-15T01:00:50.945496,qbittorrent-app-1,ugreen/qbittorrent:v1,0.08390488110137673,3567.3828125,46.227352014262266,0,0,0.0,0.0,20
2026-04-15T01:01:01.973532,qbittorrent-app-1,ugreen/qbittorrent:v1,0.06423940149625934,3567.3515625,46.22694706620192,0,0,0.0,0.0,20
2026-04-15T01:01:13.007720,qbittorrent-app-1,ugreen/qbittorrent:v1,0.219,3567.421875,46.22785819933771,0,0,0.0,0.0,20
2026-04-15T01:01:24.036717,qbittorrent-app-1,ugreen/qbittorrent:v1,0.1504119850187266,3567.5,46.22887056948858,0,0,0.0,0.0,20
2026-04-15T01:01:35.067482,qbittorrent-app-1,ugreen/qbittorrent:v1,0.24486352357320101,3567.5078125,46.228971806503665,0,0,0.0,0.0,20
2026-04-15T01:01:46.095697,qbittorrent-app-1,ugreen/qbittorrent:v1,0.0795,3567.66015625,46.23094592829787,0,0,0.0,0.0,20
2026-04-15T01:01:57.125657,qbittorrent-app-1,ugreen/qbittorrent:v1,0.076,3567.70703125,46.231553350388396,0,0,0.0,0.0,20
2026-04-15T01:02:08.154905,qbittorrent-app-1,ugreen/qbittorrent:v1,0.23910224438902744,3567.80859375,46.23286943158453,0,0,0.0,0.0,20
2026-04-15T01:02:19.186001,qbittorrent-app-1,ugreen/qbittorrent:v1,0.0844055068836045,3567.81640625,46.23297066859962,0,0,0.0,0.0,20
2026-04-15T01:02:30.211293,qbittorrent-app-1,ugreen/qbittorrent:v1,0.0654,3567.82421875,46.23307190561471,0,0,0.0,0.0,20
2026-04-15T01:02:41.243733,qbittorrent-app-1,ugreen/qbittorrent:v1,0.17496259351620946,3567.89453125,46.233983038750495,0,0,0.0,0.0,20
2026-04-15T01:02:52.273934,qbittorrent-app-1,ugreen/qbittorrent:v1,0.21642946317103623,3567.94921875,46.23469169785611,0,0,0.0,0.0,20
2026-04-15T01:03:03.297824,qbittorrent-app-1,ugreen/qbittorrent:v1,0.1486284289276808,3568.06640625,46.23621025308242,0,0,0.0,0.0,20
2026-04-15T01:03:14.325991,qbittorrent-app-1,ugreen/qbittorrent:v1,0.0629426433915212,3568.01171875,46.2355015939768,0,0,0.0,0.0,20
2026-04-15T01:03:25.359972,qbittorrent-app-1,ugreen/qbittorrent:v1,0.14711610486891386,3568.0703125,46.236260871589955,0,0,0.0,0.0,20
2026-04-15T01:03:36.384508,qbittorrent-app-1,ugreen/qbittorrent:v1,0.1247,3568.109375,46.23676705666539,0,0,0.0,0.0,20
2026-04-15T01:03:47.414376,qbittorrent-app-1,ugreen/qbittorrent:v1,0.05280000000000001,3568.1953125,46.237880663831355,0,0,0.0,0.0,20
2026-04-15T01:03:58.441213,qbittorrent-app-1,ugreen/qbittorrent:v1,0.023570536828963793,3568.19140625,46.23783004532381,0,0,0.0,0.0,20
2026-04-15T01:04:09.472112,qbittorrent-app-1,ugreen/qbittorrent:v1,0.6114357053682896,3568.2421875,46.23848808592188,0,0,0.0,0.0,20
2026-04-15T01:04:20.499272,qbittorrent-app-1,ugreen/qbittorrent:v1,0.05892634207240949,3568.296875,46.23919674502749,0,0,0.0,0.0,20
2026-04-15T01:04:31.529213,qbittorrent-app-1,ugreen/qbittorrent:v1,0.07288220551378446,3568.39453125,46.240462207716085,0,0,0.0,0.0,20
2026-04-15T01:04:42.552289,qbittorrent-app-1,ugreen/qbittorrent:v1,0.12744069912609238,3568.4140625,46.2407153002538,0,0,0.0,0.0,20
2026-04-15T01:04:53.577252,qbittorrent-app-1,ugreen/qbittorrent:v1,0.02972568578553616,3568.48828125,46.24167705189713,0,0,0.0,0.0,20
2026-04-15T01:05:04.602746,qbittorrent-app-1,ugreen/qbittorrent:v1,0.10410958904109588,3568.53515625,46.24228447398765,0,0,0.0,0.0,20
2026-04-15T01:05:15.632446,qbittorrent-app-1,ugreen/qbittorrent:v1,0.8105131414267835,3568.578125,46.24284127757063,0,0,0.0,0.0,20
2026-04-15T01:05:26.658934,qbittorrent-app-1,ugreen/qbittorrent:v1,0.04144458281444583,3568.546875,46.242436329510284,0,0,0.0,0.0,20
2026-04-15T01:05:37.687274,qbittorrent-app-1,ugreen/qbittorrent:v1,0.15101123595505617,3568.84375,46.24628333608361,0,0,0.0,0.0,20
2026-04-15T01:05:48.712405,qbittorrent-app-1,ugreen/qbittorrent:v1,0.23433540372670808,3568.7890625,46.245574676977995,0,0,0.0,0.0,20
2026-04-15T01:05:59.741670,qbittorrent-app-1,ugreen/qbittorrent:v1,0.023640897755610974,3568.54296875,46.24238571100274,0,0,0.0,0.0,20
2026-04-15T01:06:10.774171,qbittorrent-app-1,ugreen/qbittorrent:v1,0.03895131086142322,3568.53515625,46.24228447398765,0,0,0.0,0.0,20
2026-04-15T01:06:21.799990,qbittorrent-app-1,ugreen/qbittorrent:v1,0.039401496259351625,3568.546875,46.242436329510284,0,0,0.0,0.0,20
2026-04-15T01:06:32.828516,qbittorrent-app-1,ugreen/qbittorrent:v1,0.04134831460674157,3568.53515625,46.24228447398765,0,0,0.0,0.0,20
2026-04-15T01:06:43.853250,qbittorrent-app-1,ugreen/qbittorrent:v1,0.04345431789737172,3568.54296875,46.24238571100274,0,0,0.0,0.0,20
2026-04-15T01:06:54.877637,qbittorrent-app-1,ugreen/qbittorrent:v1,0.1743,3568.546875,46.242436329510284,0,0,0.0,0.0,20
2026-04-15T01:07:05.905066,qbittorrent-app-1,ugreen/qbittorrent:v1,0.019100000000000002,3568.5859375,46.24294251458572,0,0,0.0,0.0,20
2026-04-15T01:07:16.926532,qbittorrent-app-1,ugreen/qbittorrent:v1,0.3739674593241552,3568.6484375,46.24375241070642,0,0,0.0,0.0,20
2026-04-15T01:07:27.952908,qbittorrent-app-1,ugreen/qbittorrent:v1,0.07710723192019951,3568.66796875,46.24400550324414,0,0,0.0,0.0,20
2026-04-15T01:07:38.978807,qbittorrent-app-1,ugreen/qbittorrent:v1,0.09303258145363409,3568.9453125,46.24759941727974,0,0,0.0,0.0,20
2026-04-15T01:07:50.000965,qbittorrent-app-1,ugreen/qbittorrent:v1,0.1536683417085427,3568.78125,46.24547343996291,0,0,0.0,0.0,20
2026-04-15T01:08:01.020079,qbittorrent-app-1,ugreen/qbittorrent:v1,0.23870324189526185,3568.88671875,46.24684013966658,0,0,0.0,0.0,20
2026-04-15T01:08:12.048395,qbittorrent-app-1,ugreen/qbittorrent:v1,0.0697,3568.93359375,46.24744756175711,0,0,0.0,0.0,20
2026-04-15T01:08:23.076341,qbittorrent-app-1,ugreen/qbittorrent:v1,0.0871,3568.88671875,46.24684013966658,0,0,0.0,0.0,20
2026-04-15T01:08:34.100491,qbittorrent-app-1,ugreen/qbittorrent:v1,0.10996254681647939,3568.89453125,46.24694137668167,0,0,0.0,0.0,20
2026-04-15T01:08:45.128274,qbittorrent-app-1,ugreen/qbittorrent:v1,0.3597,3569.0234375,46.24861178743062,0,0,0.0,0.0,20
2026-04-15T01:08:56.154358,qbittorrent-app-1,ugreen/qbittorrent:v1,0.10453865336658354,3569.03515625,46.24876364295324,0,0,0.0,0.0,20
2026-04-15T01:09:07.182640,qbittorrent-app-1,ugreen/qbittorrent:v1,1.1237000000000001,3569.09765625,46.24957353907394,0,0,0.0,0.0,20
2026-04-15T01:09:18.215269,qbittorrent-app-1,ugreen/qbittorrent:v1,0.0996,3569.06640625,46.24916859101359,0,0,0.0,0.0,20
2026-04-15T01:09:29.244095,qbittorrent-app-1,ugreen/qbittorrent:v1,0.11102244389027431,3569.08984375,46.249472302058855,0,0,0.0,0.0,20
2026-04-15T01:09:40.273103,qbittorrent-app-1,ugreen/qbittorrent:v1,0.2249376558603491,3569.109375,46.249725394596574,0,0,0.0,0.0,20
2026-04-15T01:09:51.299510,qbittorrent-app-1,ugreen/qbittorrent:v1,0.10976279650436954,3569.1640625,46.250434053702186,0,0,0.0,0.0,20
2026-04-15T01:10:02.329228,qbittorrent-app-1,ugreen/qbittorrent:v1,0.18646691635455678,3569.25,46.25154766086815,0,0,0.0,0.0,20
2026-04-15T01:10:13.354958,qbittorrent-app-1,ugreen/qbittorrent:v1,0.07720349563046193,3569.25390625,46.25159827937569,0,0,0.0,0.0,20
2026-04-15T01:10:24.386267,qbittorrent-app-1,ugreen/qbittorrent:v1,0.0383,3569.26171875,46.25169951639078,0,0,0.0,0.0,20
2026-04-15T01:10:35.414988,qbittorrent-app-1,ugreen/qbittorrent:v1,0.7448,3569.2890625,46.252053845943585,0,0,0.0,0.0,20
2026-04-15T01:10:46.441884,qbittorrent-app-1,ugreen/qbittorrent:v1,0.020349127182044888,3569.359375,46.25296497907937,0,0,0.0,0.0,20
2026-04-15T01:10:57.472913,qbittorrent-app-1,ugreen/qbittorrent:v1,0.18676691729323308,3569.41796875,46.25372425669252,0,0,0.0,0.0,20
2026-04-15T01:11:08.497532,qbittorrent-app-1,ugreen/qbittorrent:v1,0.07101123595505618,3569.40625,46.2535724011699,0,0,0.0,0.0,20
2026-04-15T01:11:19.521359,qbittorrent-app-1,ugreen/qbittorrent:v1,0.16647571606475717,3569.3828125,46.253268690124635,0,0,0.0,0.0,20
2026-04-15T01:11:30.548878,qbittorrent-app-1,ugreen/qbittorrent:v1,0.1271,3569.41796875,46.25372425669252,0,0,0.0,0.0,20
2026-04-15T01:11:41.573464,qbittorrent-app-1,ugreen/qbittorrent:v1,0.028435544430538175,3569.43359375,46.2539267307227,0,0,0.0,0.0,20
2026-04-15T01:11:52.601328,qbittorrent-app-1,ugreen/qbittorrent:v1,0.11995018679950187,3569.453125,46.25417982326042,0,0,0.0,0.0,20
2026-04-15T01:12:03.627823,qbittorrent-app-1,ugreen/qbittorrent:v1,0.050037453183520604,3569.50390625,46.25483786385849,0,0,0.0,0.0,20
2026-04-15T01:12:14.655732,qbittorrent-app-1,ugreen/qbittorrent:v1,0.34916354556803997,3569.69140625,46.25726755222058,0,0,0.0,0.0,22
2026-04-15T01:12:25.684950,qbittorrent-app-1,ugreen/qbittorrent:v1,0.0546,3569.71484375,46.257571263265845,0,0,0.0,0.0,22
2026-04-15T01:12:36.713612,qbittorrent-app-1,ugreen/qbittorrent:v1,0.04977556109725686,3569.69140625,46.25726755222058,0,0,0.0,0.0,22
2026-04-15T01:12:47.734825,qbittorrent-app-1,ugreen/qbittorrent:v1,0.03924906132665833,3569.66796875,46.25696384117532,0,0,0.0,0.0,22
2026-04-15T01:12:58.767139,qbittorrent-app-1,ugreen/qbittorrent:v1,0.29650000000000004,3569.99609375,46.261215795808994,0,0,0.0,0.0,22
2026-04-15T01:13:09.794435,qbittorrent-app-1,ugreen/qbittorrent:v1,0.04084682440846824,3569.78515625,46.25848239640163,0,0,0.0,0.0,22
2026-04-15T01:13:20.822374,qbittorrent-app-1,ugreen/qbittorrent:v1,0.1983479349186483,3569.79296875,46.25858363341672,0,0,0.0,0.0,22
2026-04-15T01:13:31.846779,qbittorrent-app-1,ugreen/qbittorrent:v1,0.1366,3569.8671875,46.25954538506004,0,0,0.0,0.0,22
2026-04-15T01:13:42.871167,qbittorrent-app-1,ugreen/qbittorrent:v1,0.4547684605757197,3569.8359375,46.2591404369997,0,0,0.0,0.0,22
2026-04-15T01:13:53.897614,qbittorrent-app-1,ugreen/qbittorrent:v1,0.023959899749373435,3569.8125,46.25883672595444,0,0,0.0,0.0,20
2026-04-15T01:14:04.919946,qbittorrent-app-1,ugreen/qbittorrent:v1,0.22217772215269085,3569.890625,46.25984909610531,0,0,0.0,0.0,20
2026-04-15T01:14:15.950937,qbittorrent-app-1,ugreen/qbittorrent:v1,0.09129999999999999,3569.984375,46.261063940286355,0,0,0.0,0.0,20
2026-04-15T01:14:26.977632,qbittorrent-app-1,ugreen/qbittorrent:v1,0.0981772784019975,3570.0234375,46.26157012536179,0,0,0.0,0.0,20
2026-04-15T01:14:38.006331,qbittorrent-app-1,ugreen/qbittorrent:v1,0.18292866082603254,3569.9375,46.26045651819584,0,0,0.0,0.0,20
2026-04-15T01:14:49.033981,qbittorrent-app-1,ugreen/qbittorrent:v1,0.42384039900249376,3570.03125,46.26167136237688,0,0,0.0,0.0,20
2026-04-15T01:15:00.061331,qbittorrent-app-1,ugreen/qbittorrent:v1,0.6634825870646766,3570.06640625,46.262126928944774,0,0,0.0,0.0,21
2026-04-15T01:15:11.091172,qbittorrent-app-1,ugreen/qbittorrent:v1,0.21942571785268417,3570.10546875,46.26263311402021,0,0,0.0,0.0,20
2026-04-15T01:15:22.119848,qbittorrent-app-1,ugreen/qbittorrent:v1,0.4319399249061327,3570.1484375,46.26318991760319,0,0,0.0,0.0,20
2026-04-15T01:15:33.148843,qbittorrent-app-1,ugreen/qbittorrent:v1,0.0616,3570.17578125,46.263544247156,0,0,0.0,0.0,20
2026-04-15T01:15:44.175172,qbittorrent-app-1,ugreen/qbittorrent:v1,0.15668757841907152,3570.18359375,46.263645484171086,0,0,0.0,0.0,20
2026-04-15T01:15:55.203184,qbittorrent-app-1,ugreen/qbittorrent:v1,0.07720349563046193,3570.21875,46.26410105073898,0,0,0.0,0.0,20
2026-04-15T01:16:06.231058,qbittorrent-app-1,ugreen/qbittorrent:v1,0.06971285892634208,3570.140625,46.263088680588105,0,0,0.0,0.0,20
2026-04-15T01:16:17.261510,qbittorrent-app-1,ugreen/qbittorrent:v1,0.38551810237203493,3570.140625,46.263088680588105,0,0,0.0,0.0,20
2026-04-15T01:16:28.288161,qbittorrent-app-1,ugreen/qbittorrent:v1,0.03146067415730337,3570.18359375,46.263645484171086,0,0,0.0,0.0,20
2026-04-15T01:16:39.313527,qbittorrent-app-1,ugreen/qbittorrent:v1,0.04926157697121402,3570.17578125,46.263544247156,0,0,0.0,0.0,20
2026-04-15T01:16:50.335996,qbittorrent-app-1,ugreen/qbittorrent:v1,0.0702,3570.1875,46.26369610267863,0,0,0.0,0.0,20
2026-04-15T01:17:01.362044,qbittorrent-app-1,ugreen/qbittorrent:v1,0.031860174781523094,3570.35546875,46.26587269850301,0,0,0.0,0.0,19
2026-04-15T01:17:12.392048,qbittorrent-app-1,ugreen/qbittorrent:v1,0.08469413233458177,3570.12890625,46.262936825065474,0,0,0.0,0.0,19
2026-04-15T01:17:23.419037,qbittorrent-app-1,ugreen/qbittorrent:v1,0.2827534418022528,3570.13671875,46.26303806208056,0,0,0.0,0.0,19
2026-04-15T01:17:34.447580,qbittorrent-app-1,ugreen/qbittorrent:v1,0.03620947630922693,3570.15234375,46.263240536110736,0,0,0.0,0.0,19
2026-04-15T01:17:45.478054,qbittorrent-app-1,ugreen/qbittorrent:v1,0.25378277153558054,3570.14453125,46.26313929909565,0,0,0.0,0.0,19
2026-04-15T01:17:56.519289,qbittorrent-app-1,ugreen/qbittorrent:v1,0.04926157697121402,3570.140625,46.263088680588105,0,0,0.0,0.0,19
2026-04-15T01:18:07.548219,qbittorrent-app-1,ugreen/qbittorrent:v1,0.0646,3570.20703125,46.26394919521635,0,0,0.0,0.0,21
2026-04-15T01:18:18.574472,qbittorrent-app-1,ugreen/qbittorrent:v1,0.09932415519399249,3570.3515625,46.265822079995466,0,0,0.0,0.0,21
2026-04-15T01:18:29.602768,qbittorrent-app-1,ugreen/qbittorrent:v1,0.018054862842892767,3570.375,46.26612579104072,0,0,0.0,0.0,21
2026-04-15T01:18:40.632484,qbittorrent-app-1,ugreen/qbittorrent:v1,0.04903870162297129,3570.38671875,46.26627764656336,0,0,0.0,0.0,21
2026-04-15T01:18:51.658970,qbittorrent-app-1,ugreen/qbittorrent:v1,0.039850560398505604,3570.4453125,46.267036924176516,0,0,0.0,0.0,21
2026-04-15T01:19:02.691975,qbittorrent-app-1,ugreen/qbittorrent:v1,0.0845771144278607,3570.52734375,46.268099912834934,0,0,0.0,0.0,21
2026-04-15T01:19:13.720724,qbittorrent-app-1,ugreen/qbittorrent:v1,0.13363295880149814,3570.59375,46.26896042746317,0,0,0.0,0.0,21
2026-04-15T01:19:24.757276,qbittorrent-app-1,ugreen/qbittorrent:v1,0.2602,3570.5859375,46.26885919044808,0,0,0.0,0.0,21
2026-04-15T01:19:35.792806,qbittorrent-app-1,ugreen/qbittorrent:v1,0.08611528822055137,3570.59765625,46.269011045970714,0,0,0.0,0.0,21
2026-04-15T01:19:46.822417,qbittorrent-app-1,ugreen/qbittorrent:v1,0.10014962593516208,3570.6640625,46.26987156059896,0,0,0.0,0.0,21
2026-04-15T01:19:57.854215,qbittorrent-app-1,ugreen/qbittorrent:v1,0.4027895392278954,3570.76953125,46.27123826030264,0,0,0.0,0.0,21
2026-04-15T01:20:08.884869,qbittorrent-app-1,ugreen/qbittorrent:v1,0.058145363408521306,3570.70703125,46.27042836418194,0,0,0.0,0.0,20
2026-04-15T01:20:19.915830,qbittorrent-app-1,ugreen/qbittorrent:v1,0.26480000000000004,3570.7578125,46.27108640478001,0,0,0.0,0.0,20
2026-04-15T01:20:30.948958,qbittorrent-app-1,ugreen/qbittorrent:v1,0.1464,3570.76953125,46.27123826030264,0,0,0.0,0.0,20
2026-04-15T01:20:41.980420,qbittorrent-app-1,ugreen/qbittorrent:v1,0.17872976338729765,3570.76953125,46.27123826030264,0,0,0.0,0.0,20
2026-04-15T01:20:53.005713,qbittorrent-app-1,ugreen/qbittorrent:v1,0.1452369077306733,3570.78125,46.27139011582527,0,0,0.0,0.0,20
2026-04-15T01:21:04.040797,qbittorrent-app-1,ugreen/qbittorrent:v1,0.20765957446808508,3571.00390625,46.274275370755255,0,0,0.0,0.0,20
2026-04-15T01:21:15.074466,qbittorrent-app-1,ugreen/qbittorrent:v1,0.1911389236545682,3570.80859375,46.271744445378076,0,0,0.0,0.0,20
2026-04-15T01:21:26.112387,qbittorrent-app-1,ugreen/qbittorrent:v1,0.0624,3570.765625,46.271187641795095,0,0,0.0,0.0,20
2026-04-15T01:21:37.140930,qbittorrent-app-1,ugreen/qbittorrent:v1,0.1376558603491272,3570.8203125,46.27189630090071,0,0,0.0,0.0,20
2026-04-15T01:21:48.167685,qbittorrent-app-1,ugreen/qbittorrent:v1,0.0545273631840796,3570.83984375,46.272149393438426,0,0,0.0,0.0,20
2026-04-15T01:21:59.199082,qbittorrent-app-1,ugreen/qbittorrent:v1,1.5581047381546134,3571.01953125,46.27447784478543,0,0,0.0,0.0,20
2026-04-15T01:22:10.227801,qbittorrent-app-1,ugreen/qbittorrent:v1,0.22377972465581977,3571.05078125,46.27488279284579,0,0,0.0,0.0,20
2026-04-15T01:22:21.258606,qbittorrent-app-1,ugreen/qbittorrent:v1,0.11215980024968789,3571.14453125,46.27609763702683,0,0,0.0,0.0,20
2026-04-15T01:22:32.289760,qbittorrent-app-1,ugreen/qbittorrent:v1,1.654132334581773,3571.140625,46.27604701851929,0,0,0.0,0.0,20
2026-04-15T01:22:43.325909,qbittorrent-app-1,ugreen/qbittorrent:v1,0.12719999999999998,3571.15625,46.27624949254946,0,0,0.0,0.0,20
2026-04-15T01:22:54.362760,qbittorrent-app-1,ugreen/qbittorrent:v1,0.1517103620474407,3571.1484375,46.27614825553438,0,0,0.0,0.0,20
2026-04-15T01:23:05.396950,qbittorrent-app-1,ugreen/qbittorrent:v1,0.040749063670411985,3571.04296875,46.2747815558307,0,0,0.0,0.0,20
2026-04-15T01:23:16.433709,qbittorrent-app-1,ugreen/qbittorrent:v1,0.19960099750623442,3571.0703125,46.2751358853835,0,0,0.0,0.0,20
2026-04-15T01:23:27.467507,qbittorrent-app-1,ugreen/qbittorrent:v1,0.16199252801992528,3571.3046875,46.27817299583612,0,0,0.0,0.0,20
2026-04-15T01:23:38.497265,qbittorrent-app-1,ugreen/qbittorrent:v1,0.08798004987531172,3571.0625,46.27503464836841,0,0,0.0,0.0,20
2026-04-15T01:23:49.528214,qbittorrent-app-1,ugreen/qbittorrent:v1,0.032240300375469336,3571.02734375,46.27457908180052,0,0,0.0,0.0,20
2026-04-15T01:24:00.556625,qbittorrent-app-1,ugreen/qbittorrent:v1,0.1682,3571.07421875,46.27518650389105,0,0,0.0,0.0,20
2026-04-15T01:24:11.584915,qbittorrent-app-1,ugreen/qbittorrent:v1,0.6119,3571.04296875,46.2747815558307,0,0,0.0,0.0,19
2026-04-15T01:24:22.613105,qbittorrent-app-1,ugreen/qbittorrent:v1,0.11536737235367373,3571.0,46.27422475224772,0,0,0.0,0.0,19
2026-04-15T01:24:33.658099,qbittorrent-app-1,ugreen/qbittorrent:v1,0.2579551122194514,3571.203125,46.276856914639986,0,0,0.0,0.0,19
2026-04-15T01:24:44.692588,qbittorrent-app-1,ugreen/qbittorrent:v1,0.250187265917603,3571.17578125,46.27650258508718,0,0,0.0,0.0,19
2026-04-15T01:24:55.729301,qbittorrent-app-1,ugreen/qbittorrent:v1,0.05263420724094882,3570.96484375,46.27376918567982,0,0,0.0,0.0,19
2026-04-15T01:25:06.766771,qbittorrent-app-1,ugreen/qbittorrent:v1,0.05738480697384807,3571.015625,46.27442722627789,0,0,0.0,0.0,19
2026-04-15T01:25:17.802916,qbittorrent-app-1,ugreen/qbittorrent:v1,0.06527363184079601,3571.00390625,46.274275370755255,0,0,0.0,0.0,19
2026-04-15T01:25:28.834352,qbittorrent-app-1,ugreen/qbittorrent:v1,0.4418476903870162,3571.5,46.28070392121331,0,0,0.0,0.0,19
2026-04-15T01:25:39.861155,qbittorrent-app-1,ugreen/qbittorrent:v1,0.17845386533665836,3570.9921875,46.27412351523263,0,0,0.0,0.0,19
2026-04-15T01:25:50.892466,qbittorrent-app-1,ugreen/qbittorrent:v1,0.28612702366127024,3570.98828125,46.27407289672508,0,0,0.0,0.0,19
2026-04-15T01:26:01.930665,qbittorrent-app-1,ugreen/qbittorrent:v1,0.050945273631840794,3570.98828125,46.27407289672508,0,0,0.0,0.0,19
2026-04-15T01:26:12.962965,qbittorrent-app-1,ugreen/qbittorrent:v1,0.03526774595267746,3571.2578125,46.2775655737456,0,0,0.0,0.0,19
2026-04-15T01:26:23.996553,qbittorrent-app-1,ugreen/qbittorrent:v1,0.19667080745341617,3571.078125,46.275237122398586,0,0,0.0,0.0,19
2026-04-15T01:26:35.032271,qbittorrent-app-1,ugreen/qbittorrent:v1,0.032238805970149255,3571.0078125,46.274325989262806,0,0,0.0,0.0,19
2026-04-15T01:26:46.063851,qbittorrent-app-1,ugreen/qbittorrent:v1,0.02460772104607721,3570.99609375,46.27417413374017,0,0,0.0,0.0,19
2026-04-15T01:26:57.095250,qbittorrent-app-1,ugreen/qbittorrent:v1,0.21792759051186017,3571.25,46.27746433673051,0,0,0.0,0.0,19
2026-04-15T01:27:08.128414,qbittorrent-app-1,ugreen/qbittorrent:v1,0.0456857855361596,3571.05078125,46.27488279284579,0,0,0.0,0.0,19
2026-04-15T01:27:19.161502,qbittorrent-app-1,ugreen/qbittorrent:v1,0.01982565379825654,3570.9765625,46.273921041202456,0,0,0.0,0.0,19
2026-04-15T01:27:30.194400,qbittorrent-app-1,ugreen/qbittorrent:v1,0.1348314606741573,3571.01171875,46.27437660777034,0,0,0.0,0.0,19
2026-04-15T01:27:41.220262,qbittorrent-app-1,ugreen/qbittorrent:v1,0.034756554307116105,3570.984375,46.274022278217544,0,0,0.0,0.0,19
2026-04-15T01:27:52.260299,qbittorrent-app-1,ugreen/qbittorrent:v1,0.19201995012468828,3571.2421875,46.27736309971542,0,0,0.0,0.0,19
2026-04-15T01:28:03.290506,qbittorrent-app-1,ugreen/qbittorrent:v1,0.0400997506234414,3570.98046875,46.27397165970999,0,0,0.0,0.0,19
2026-04-15T01:28:14.323986,qbittorrent-app-1,ugreen/qbittorrent:v1,0.13346633416458853,3570.9296875,46.273313619111924,0,0,0.0,0.0,19
2026-04-15T01:28:25.356447,qbittorrent-app-1,ugreen/qbittorrent:v1,0.026966292134831458,3571.0546875,46.274933411353324,0,0,0.0,0.0,19
2026-04-15T01:28:36.387515,qbittorrent-app-1,ugreen/qbittorrent:v1,0.041795511221945136,3571.06640625,46.27508526687596,0,0,0.0,0.0,19
2026-04-15T01:28:47.411861,qbittorrent-app-1,ugreen/qbittorrent:v1,0.06641697877652934,3570.96875,46.27381980418737,0,0,0.0,0.0,19
2026-04-15T01:28:58.444535,qbittorrent-app-1,ugreen/qbittorrent:v1,0.082896379525593,3571.2109375,46.27695815165507,0,0,0.0,0.0,19
2026-04-15T01:29:09.477875,qbittorrent-app-1,ugreen/qbittorrent:v1,0.14926708074534162,3571.05859375,46.274984029860875,0,0,0.0,0.0,19
2026-04-15T01:29:20.511999,qbittorrent-app-1,ugreen/qbittorrent:v1,0.7747368421052632,3570.98828125,46.27407289672508,0,0,0.0,0.0,19
2026-04-15T01:29:31.539895,qbittorrent-app-1,ugreen/qbittorrent:v1,0.05280000000000001,3571.01953125,46.27447784478543,0,0,0.0,0.0,19
2026-04-15T01:29:42.574957,qbittorrent-app-1,ugreen/qbittorrent:v1,0.09083229813664596,3570.9921875,46.27412351523263,0,0,0.0,0.0,19
2026-04-15T01:29:53.600398,qbittorrent-app-1,ugreen/qbittorrent:v1,0.12185231539424281,3571.03515625,46.27468031881561,0,0,0.0,0.0,19
2026-04-15T01:30:04.627981,qbittorrent-app-1,ugreen/qbittorrent:v1,0.21256857855361597,3571.01953125,46.27447784478543,0,0,0.0,0.0,20
2026-04-15T01:30:15.660740,qbittorrent-app-1,ugreen/qbittorrent:v1,0.05383458646616541,3571.00390625,46.274275370755255,0,0,0.0,0.0,19
2026-04-15T01:30:26.691283,qbittorrent-app-1,ugreen/qbittorrent:v1,0.0335,3570.99609375,46.27417413374017,0,0,0.0,0.0,19
2026-04-15T01:30:37.720859,qbittorrent-app-1,ugreen/qbittorrent:v1,0.17043478260869566,3571.05859375,46.274984029860875,0,0,0.0,0.0,19
2026-04-15T01:30:48.747368,qbittorrent-app-1,ugreen/qbittorrent:v1,0.142643391521197,3571.015625,46.27442722627789,0,0,0.0,0.0,19
2026-04-15T01:30:59.777732,qbittorrent-app-1,ugreen/qbittorrent:v1,0.05197007481296758,3570.97265625,46.273870422694905,0,0,0.0,0.0,19
2026-04-15T01:31:10.806790,qbittorrent-app-1,ugreen/qbittorrent:v1,0.03481296758104738,3570.98046875,46.27397165970999,0,0,0.0,0.0,19
2026-04-15T01:31:21.836468,qbittorrent-app-1,ugreen/qbittorrent:v1,0.04764044943820225,3570.984375,46.274022278217544,0,0,0.0,0.0,19
2026-04-15T01:31:32.869993,qbittorrent-app-1,ugreen/qbittorrent:v1,0.12764044943820224,3570.99609375,46.27417413374017,0,0,0.0,0.0,19
2026-04-15T01:31:43.902864,qbittorrent-app-1,ugreen/qbittorrent:v1,0.16749063670411984,3571.24609375,46.27741371822297,0,0,0.0,0.0,19
2026-04-15T01:31:54.932947,qbittorrent-app-1,ugreen/qbittorrent:v1,0.09955112219451372,3571.02734375,46.27457908180052,0,0,0.0,0.0,19
2026-04-15T01:32:05.967215,qbittorrent-app-1,ugreen/qbittorrent:v1,0.06262172284644195,3570.96484375,46.27376918567982,0,0,0.0,0.0,19
2026-04-15T01:32:16.994887,qbittorrent-app-1,ugreen/qbittorrent:v1,0.059774718397997494,3570.9609375,46.27371856717228,0,0,0.0,0.0,19
2026-04-15T01:32:28.032365,qbittorrent-app-1,ugreen/qbittorrent:v1,0.34653366583541145,3570.953125,46.273617330157194,0,0,0.0,0.0,19
2026-04-15T01:32:39.062969,qbittorrent-app-1,ugreen/qbittorrent:v1,0.14463840399002492,3571.02734375,46.27457908180052,0,0,0.0,0.0,19
2026-04-15T01:32:50.094508,qbittorrent-app-1,ugreen/qbittorrent:v1,0.7191011235955056,3571.04296875,46.2747815558307,0,0,0.0,0.0,19
2026-04-15T01:33:01.128966,qbittorrent-app-1,ugreen/qbittorrent:v1,0.08647571606475717,3571.04296875,46.2747815558307,0,0,0.0,0.0,19
2026-04-15T01:33:12.158084,qbittorrent-app-1,ugreen/qbittorrent:v1,0.3022222222222222,3571.04296875,46.2747815558307,0,0,0.0,0.0,19
2026-04-15T01:33:23.188339,qbittorrent-app-1,ugreen/qbittorrent:v1,0.2600501253132832,3571.046875,46.274832174338236,0,0,0.0,0.0,19
2026-04-15T01:33:34.226124,qbittorrent-app-1,ugreen/qbittorrent:v1,0.04024968789013733,3571.0234375,46.274528463292974,0,0,0.0,0.0,19
2026-04-15T01:33:45.266438,qbittorrent-app-1,ugreen/qbittorrent:v1,0.06027534418022528,3570.9921875,46.27412351523263,0,0,0.0,0.0,19
2026-04-15T01:33:56.293106,qbittorrent-app-1,ugreen/qbittorrent:v1,0.050600000000000006,3570.98046875,46.27397165970999,0,0,0.0,0.0,19
2026-04-15T01:34:07.328206,qbittorrent-app-1,ugreen/qbittorrent:v1,0.06942643391521197,3570.9453125,46.273516093142106,0,0,0.0,0.0,19
2026-04-15T01:34:18.361223,qbittorrent-app-1,ugreen/qbittorrent:v1,0.0601496259351621,3570.91796875,46.2731617635893,0,0,0.0,0.0,19
2026-04-15T01:34:29.392784,qbittorrent-app-1,ugreen/qbittorrent:v1,0.2723785803237858,3571.16796875,46.27640134807209,0,0,0.0,0.0,19
2026-04-15T01:34:40.422153,qbittorrent-app-1,ugreen/qbittorrent:v1,0.0428,3570.9140625,46.27311114508175,0,0,0.0,0.0,19
2026-04-15T01:34:51.456678,qbittorrent-app-1,ugreen/qbittorrent:v1,0.048079800498753114,3570.921875,46.27321238209684,0,0,0.0,0.0,19
2026-04-15T01:35:02.488835,qbittorrent-app-1,ugreen/qbittorrent:v1,0.0986,3570.9375,46.27341485612702,0,0,0.0,0.0,19
2026-04-15T01:35:13.523382,qbittorrent-app-1,ugreen/qbittorrent:v1,0.26104738154613466,3570.9296875,46.273313619111924,0,0,0.0,0.0,19
2026-04-15T01:35:24.555358,qbittorrent-app-1,ugreen/qbittorrent:v1,0.2948258706467662,3570.95703125,46.27366794866473,0,0,0.0,0.0,19
2026-04-15T01:35:35.594626,qbittorrent-app-1,ugreen/qbittorrent:v1,0.018799999999999997,3570.9375,46.27341485612702,0,0,0.0,0.0,19
2026-04-15T01:35:46.620374,qbittorrent-app-1,ugreen/qbittorrent:v1,0.10351183063511832,3570.9453125,46.273516093142106,0,0,0.0,0.0,19
2026-04-15T01:35:57.651668,qbittorrent-app-1,ugreen/qbittorrent:v1,0.17526184538653367,3571.1953125,46.2767556776249,0,0,0.0,0.0,19
2026-04-15T01:36:08.676542,qbittorrent-app-1,ugreen/qbittorrent:v1,0.0268,3571.0078125,46.274325989262806,0,0,0.0,0.0,19
2026-04-15T01:36:19.722972,qbittorrent-app-1,ugreen/qbittorrent:v1,0.1276190476190476,3571.19921875,46.27680629613244,0,0,0.0,0.0,19
2026-04-15T01:36:30.756141,qbittorrent-app-1,ugreen/qbittorrent:v1,0.044389027431421445,3570.94921875,46.27356671164965,0,0,0.0,0.0,19
2026-04-15T01:36:41.784580,qbittorrent-app-1,ugreen/qbittorrent:v1,0.34207240948813983,3570.99609375,46.27417413374017,0,0,0.0,0.0,19
2026-04-15T01:36:52.833219,qbittorrent-app-1,ugreen/qbittorrent:v1,0.06403990024937656,3570.99609375,46.27417413374017,0,0,0.0,0.0,19
2026-04-15T01:37:03.872205,qbittorrent-app-1,ugreen/qbittorrent:v1,0.13253433208489387,3570.98046875,46.27397165970999,0,0,0.0,0.0,19
2026-04-15T01:37:14.898080,qbittorrent-app-1,ugreen/qbittorrent:v1,0.025043478260869563,3570.95703125,46.27366794866473,0,0,0.0,0.0,19
2026-04-15T01:37:25.933519,qbittorrent-app-1,ugreen/qbittorrent:v1,0.2741718555417186,3570.98828125,46.27407289672508,0,0,0.0,0.0,19
2026-04-15T01:37:36.970059,qbittorrent-app-1,ugreen/qbittorrent:v1,0.17955112219451372,3571.015625,46.27442722627789,0,0,0.0,0.0,19
2026-04-15T01:37:48.007309,qbittorrent-app-1,ugreen/qbittorrent:v1,0.04765957446808511,3570.9609375,46.27371856717228,0,0,0.0,0.0,19
2026-04-15T01:37:59.039577,qbittorrent-app-1,ugreen/qbittorrent:v1,0.1342,3570.9765625,46.273921041202456,0,0,0.0,0.0,19
2026-04-15T01:38:10.063703,qbittorrent-app-1,ugreen/qbittorrent:v1,0.11173967459324155,3570.984375,46.274022278217544,0,0,0.0,0.0,19
2026-04-15T01:38:21.094043,qbittorrent-app-1,ugreen/qbittorrent:v1,0.5505236907730673,3571.01171875,46.27437660777034,0,0,0.0,0.0,19
2026-04-15T01:38:32.121466,qbittorrent-app-1,ugreen/qbittorrent:v1,0.4404,3570.98046875,46.27397165970999,0,0,0.0,0.0,19
2026-04-15T01:38:43.152690,qbittorrent-app-1,ugreen/qbittorrent:v1,1.6118703241895262,3570.98828125,46.27407289672508,0,0,0.0,0.0,19
2026-04-15T01:38:54.187358,qbittorrent-app-1,ugreen/qbittorrent:v1,0.05755610972568579,3570.9921875,46.27412351523263,0,0,0.0,0.0,19
2026-04-15T01:39:05.217023,qbittorrent-app-1,ugreen/qbittorrent:v1,0.27122194513715714,3570.99609375,46.27417413374017,0,0,0.0,0.0,19
2026-04-15T01:39:16.251439,qbittorrent-app-1,ugreen/qbittorrent:v1,0.0387,3570.98046875,46.27397165970999,0,0,0.0,0.0,19
2026-04-15T01:39:27.284436,qbittorrent-app-1,ugreen/qbittorrent:v1,0.2856288916562889,3570.9921875,46.27412351523263,0,0,0.0,0.0,19
2026-04-15T01:39:38.319814,qbittorrent-app-1,ugreen/qbittorrent:v1,0.06130000000000001,3571.0,46.27422475224772,0,0,0.0,0.0,19
2026-04-15T01:39:49.342703,qbittorrent-app-1,ugreen/qbittorrent:v1,0.17273182957393485,3571.0390625,46.27473093732315,0,0,0.0,0.0,19
2026-04-15T01:40:00.378135,qbittorrent-app-1,ugreen/qbittorrent:v1,0.041303258145363404,3570.94921875,46.27356671164965,0,0,0.0,0.0,19
2026-04-15T01:40:11.414009,qbittorrent-app-1,ugreen/qbittorrent:v1,0.052565707133917394,3570.98046875,46.27397165970999,0,0,0.0,0.0,19
2026-04-15T01:40:22.449381,qbittorrent-app-1,ugreen/qbittorrent:v1,0.04957605985037406,3570.94140625,46.27346547463456,0,0,0.0,0.0,19
2026-04-15T01:40:33.479556,qbittorrent-app-1,ugreen/qbittorrent:v1,0.0424,3570.9921875,46.27412351523263,0,0,0.0,0.0,19
2026-04-15T01:40:44.510386,qbittorrent-app-1,ugreen/qbittorrent:v1,0.03404255319148936,3570.9375,46.27341485612702,0,0,0.0,0.0,19
2026-04-15T01:40:55.543284,qbittorrent-app-1,ugreen/qbittorrent:v1,0.17042606516290726,3570.95703125,46.27366794866473,0,0,0.0,0.0,19
2026-04-15T01:41:06.570341,qbittorrent-app-1,ugreen/qbittorrent:v1,0.05579078455790785,3570.9609375,46.27371856717228,0,0,0.0,0.0,19
2026-04-15T01:41:17.602718,qbittorrent-app-1,ugreen/qbittorrent:v1,0.15829573934837093,3571.015625,46.27442722627789,0,0,0.0,0.0,19
2026-04-15T01:41:28.634865,qbittorrent-app-1,ugreen/qbittorrent:v1,0.09223880597014926,3570.94921875,46.27356671164965,0,0,0.0,0.0,19
2026-04-15T01:41:39.660467,qbittorrent-app-1,ugreen/qbittorrent:v1,0.17291614518147685,3571.21484375,46.27700877016262,0,0,0.0,0.0,19
2026-04-15T01:41:50.688505,qbittorrent-app-1,ugreen/qbittorrent:v1,0.1490863579474343,3571.2421875,46.27736309971542,0,0,0.0,0.0,19
2026-04-15T01:42:01.720437,qbittorrent-app-1,ugreen/qbittorrent:v1,0.23152119700748128,3571.2578125,46.2775655737456,0,0,0.0,0.0,19
2026-04-15T01:42:12.751591,qbittorrent-app-1,ugreen/qbittorrent:v1,0.07460674157303371,3571.0078125,46.274325989262806,0,0,0.0,0.0,19
2026-04-15T01:42:23.784548,qbittorrent-app-1,ugreen/qbittorrent:v1,0.20269326683291772,3570.97265625,46.273870422694905,0,0,0.0,0.0,19
2026-04-15T01:42:34.814110,qbittorrent-app-1,ugreen/qbittorrent:v1,0.20303860523038603,3570.984375,46.274022278217544,0,0,0.0,0.0,19
2026-04-15T01:42:45.849723,qbittorrent-app-1,ugreen/qbittorrent:v1,0.4499624530663329,3571.26953125,46.27771742926823,0,0,0.0,0.0,19
2026-04-15T01:42:56.880087,qbittorrent-app-1,ugreen/qbittorrent:v1,0.1552059925093633,3571.1796875,46.27655320359472,0,0,0.0,0.0,19
2026-04-15T01:43:07.908654,qbittorrent-app-1,ugreen/qbittorrent:v1,0.04414481897627965,3570.96484375,46.27376918567982,0,0,0.0,0.0,19
2026-04-15T01:43:18.940202,qbittorrent-app-1,ugreen/qbittorrent:v1,0.026766541822721597,3570.95703125,46.27366794866473,0,0,0.0,0.0,19
2026-04-15T01:43:29.971953,qbittorrent-app-1,ugreen/qbittorrent:v1,0.06812967581047381,3570.96875,46.27381980418737,0,0,0.0,0.0,19
2026-04-15T01:43:40.997340,qbittorrent-app-1,ugreen/qbittorrent:v1,0.2595244055068836,3570.953125,46.273617330157194,0,0,0.0,0.0,19
2026-04-15T01:43:52.028881,qbittorrent-app-1,ugreen/qbittorrent:v1,0.03281795511221945,3570.99609375,46.27417413374017,0,0,0.0,0.0,19
2026-04-15T01:44:03.066921,qbittorrent-app-1,ugreen/qbittorrent:v1,0.9036000000000001,3571.0859375,46.275338359413674,0,0,0.0,0.0,19
2026-04-15T01:44:14.093802,qbittorrent-app-1,ugreen/qbittorrent:v1,0.3507231920199501,3571.02734375,46.27457908180052,0,0,0.0,0.0,19
2026-04-15T01:44:25.132339,qbittorrent-app-1,ugreen/qbittorrent:v1,0.03052369077306733,3570.98828125,46.27407289672508,0,0,0.0,0.0,19
2026-04-15T01:44:36.166948,qbittorrent-app-1,ugreen/qbittorrent:v1,0.09266832917705736,3570.9765625,46.273921041202456,0,0,0.0,0.0,19
2026-04-15T01:44:47.193859,qbittorrent-app-1,ugreen/qbittorrent:v1,0.0635820895522388,3570.98828125,46.27407289672508,0,0,0.0,0.0,19
2026-04-15T01:44:58.228302,qbittorrent-app-1,ugreen/qbittorrent:v1,0.030877192982456142,3570.97265625,46.273870422694905,0,0,0.0,0.0,19
2026-04-15T01:45:09.258045,qbittorrent-app-1,ugreen/qbittorrent:v1,0.05912170639899623,3571.0,46.27422475224772,0,0,0.0,0.0,19
2026-04-15T01:45:20.288144,qbittorrent-app-1,ugreen/qbittorrent:v1,0.10887218045112783,3571.0,46.27422475224772,0,0,0.0,0.0,19
2026-04-15T01:45:31.323194,qbittorrent-app-1,ugreen/qbittorrent:v1,0.021021170610211706,3570.98828125,46.27407289672508,0,0,0.0,0.0,19
2026-04-15T01:45:42.360201,qbittorrent-app-1,ugreen/qbittorrent:v1,0.05057356608478803,3570.94140625,46.27346547463456,0,0,0.0,0.0,19
2026-04-15T01:45:53.385816,qbittorrent-app-1,ugreen/qbittorrent:v1,0.0301,3570.9765625,46.273921041202456,0,0,0.0,0.0,19
2026-04-15T01:46:04.423481,qbittorrent-app-1,ugreen/qbittorrent:v1,0.0372,3570.94140625,46.27346547463456,0,0,0.0,0.0,19
2026-04-15T01:46:15.458610,qbittorrent-app-1,ugreen/qbittorrent:v1,0.5927590511860175,3571.4453125,46.27999526210769,0,0,0.0,0.0,19
2026-04-15T01:46:26.491692,qbittorrent-app-1,ugreen/qbittorrent:v1,0.036109725685785535,3570.94921875,46.27356671164965,0,0,0.0,0.0,19
2026-04-15T01:46:37.528786,qbittorrent-app-1,ugreen/qbittorrent:v1,0.11815230961298377,3571.171875,46.276451966579636,0,0,0.0,0.0,19
2026-04-15T01:46:48.561877,qbittorrent-app-1,ugreen/qbittorrent:v1,0.04837905236907731,3570.9453125,46.273516093142106,0,0,0.0,0.0,19
2026-04-15T01:46:59.586840,qbittorrent-app-1,ugreen/qbittorrent:v1,0.0656359102244389,3570.9609375,46.27371856717228,0,0,0.0,0.0,19
2026-04-15T01:47:10.619161,qbittorrent-app-1,ugreen/qbittorrent:v1,0.055999999999999994,3570.9296875,46.273313619111924,0,0,0.0,0.0,19
2026-04-15T01:47:21.653667,qbittorrent-app-1,ugreen/qbittorrent:v1,0.0516354556803995,3570.94140625,46.27346547463456,0,0,0.0,0.0,19
2026-04-15T01:47:32.683131,qbittorrent-app-1,ugreen/qbittorrent:v1,0.164,3571.0078125,46.274325989262806,0,0,0.0,0.0,19
2026-04-15T01:47:43.711584,qbittorrent-app-1,ugreen/qbittorrent:v1,0.0659,3570.96875,46.27381980418737,0,0,0.0,0.0,19
2026-04-15T01:47:54.744805,qbittorrent-app-1,ugreen/qbittorrent:v1,0.059525593008739074,3570.953125,46.273617330157194,0,0,0.0,0.0,19
2026-04-15T01:48:05.787421,qbittorrent-app-1,ugreen/qbittorrent:v1,0.0749,3570.953125,46.273617330157194,0,0,0.0,0.0,19
2026-04-15T01:48:16.818019,qbittorrent-app-1,ugreen/qbittorrent:v1,0.050827067669172936,3570.9296875,46.273313619111924,0,0,0.0,0.0,19
2026-04-15T01:48:27.853130,qbittorrent-app-1,ugreen/qbittorrent:v1,0.8231710362047441,3570.9296875,46.273313619111924,0,0,0.0,0.0,19
2026-04-15T01:48:38.879357,qbittorrent-app-1,ugreen/qbittorrent:v1,0.21789999999999998,3570.9765625,46.273921041202456,0,0,0.0,0.0,19
2026-04-15T01:48:49.915913,qbittorrent-app-1,ugreen/qbittorrent:v1,0.2753117206982544,3571.01953125,46.27447784478543,0,0,0.0,0.0,19
2026-04-15T01:49:00.947766,qbittorrent-app-1,ugreen/qbittorrent:v1,0.038400000000000004,3570.9453125,46.273516093142106,0,0,0.0,0.0,19
2026-04-15T01:49:11.979990,qbittorrent-app-1,ugreen/qbittorrent:v1,0.20318407960199006,3570.94140625,46.27346547463456,0,0,0.0,0.0,19
2026-04-15T01:49:23.011165,qbittorrent-app-1,ugreen/qbittorrent:v1,0.4006965174129354,3571.234375,46.277261862700335,0,0,0.0,0.0,19
2026-04-15T01:49:34.036559,qbittorrent-app-1,ugreen/qbittorrent:v1,0.033100000000000004,3570.9375,46.27341485612702,0,0,0.0,0.0,19
2026-04-15T01:49:45.062092,qbittorrent-app-1,ugreen/qbittorrent:v1,0.054900000000000004,3570.93359375,46.273364237619475,0,0,0.0,0.0,19
2026-04-15T01:49:56.097757,qbittorrent-app-1,ugreen/qbittorrent:v1,0.16269662921348313,3570.984375,46.274022278217544,0,0,0.0,0.0,19
2026-04-15T01:50:07.121829,qbittorrent-app-1,ugreen/qbittorrent:v1,0.028035043804755945,3570.96875,46.27381980418737,0,0,0.0,0.0,19
2026-04-15T01:50:18.148875,qbittorrent-app-1,ugreen/qbittorrent:v1,0.23031210986267167,3570.9765625,46.273921041202456,0,0,0.0,0.0,19
2026-04-15T01:50:29.183105,qbittorrent-app-1,ugreen/qbittorrent:v1,0.5055043586550436,3570.94921875,46.27356671164965,0,0,0.0,0.0,19
2026-04-15T01:50:40.215396,qbittorrent-app-1,ugreen/qbittorrent:v1,0.021599999999999998,3570.94921875,46.27356671164965,0,0,0.0,0.0,19
2026-04-15T01:50:51.248439,qbittorrent-app-1,ugreen/qbittorrent:v1,0.034699999999999995,3570.9296875,46.273313619111924,0,0,0.0,0.0,19
2026-04-15T01:51:02.284688,qbittorrent-app-1,ugreen/qbittorrent:v1,0.30202247191011233,3571.01171875,46.27437660777034,0,0,0.0,0.0,19
2026-04-15T01:51:13.308634,qbittorrent-app-1,ugreen/qbittorrent:v1,0.03407222914072229,3570.9375,46.27341485612702,0,0,0.0,0.0,19
2026-04-15T01:51:24.340207,qbittorrent-app-1,ugreen/qbittorrent:v1,0.16895522388059703,3570.93359375,46.273364237619475,0,0,0.0,0.0,19
2026-04-15T01:51:35.375604,qbittorrent-app-1,ugreen/qbittorrent:v1,0.05849246231155779,3570.92578125,46.27326300060439,0,0,0.0,0.0,19
2026-04-15T01:51:46.404233,qbittorrent-app-1,ugreen/qbittorrent:v1,0.02374064837905237,3570.94140625,46.27346547463456,0,0,0.0,0.0,19
2026-04-15T01:51:57.433117,qbittorrent-app-1,ugreen/qbittorrent:v1,0.06287859824780977,3570.95703125,46.27366794866473,0,0,0.0,0.0,19
2026-04-15T01:52:08.467240,qbittorrent-app-1,ugreen/qbittorrent:v1,0.05017456359102245,3570.96484375,46.27376918567982,0,0,0.0,0.0,19
2026-04-15T01:52:19.496367,qbittorrent-app-1,ugreen/qbittorrent:v1,0.032418952618453865,3570.953125,46.273617330157194,0,0,0.0,0.0,19
2026-04-15T01:52:30.532516,qbittorrent-app-1,ugreen/qbittorrent:v1,0.1300374531835206,3570.9921875,46.27412351523263,0,0,0.0,0.0,19
2026-04-15T01:52:41.559670,qbittorrent-app-1,ugreen/qbittorrent:v1,0.0167,3570.96875,46.27381980418737,0,0,0.0,0.0,19
2026-04-15T01:52:52.590652,qbittorrent-app-1,ugreen/qbittorrent:v1,0.21320000000000003,3570.984375,46.274022278217544,0,0,0.0,0.0,19
2026-04-15T01:53:03.626468,qbittorrent-app-1,ugreen/qbittorrent:v1,0.03325842696629214,3571.02734375,46.27457908180052,0,0,0.0,0.0,19
2026-04-15T01:53:14.661416,qbittorrent-app-1,ugreen/qbittorrent:v1,0.15262764632627646,3571.0390625,46.27473093732315,0,0,0.0,0.0,19
2026-04-15T01:53:25.694491,qbittorrent-app-1,ugreen/qbittorrent:v1,2.131829573934837,3570.97265625,46.273870422694905,0,0,0.0,0.0,19
2026-04-15T01:53:36.727890,qbittorrent-app-1,ugreen/qbittorrent:v1,0.4167790262172285,3571.015625,46.27442722627789,0,0,0.0,0.0,19
2026-04-15T01:53:47.767535,qbittorrent-app-1,ugreen/qbittorrent:v1,0.2132334581772784,3570.95703125,46.27366794866473,0,0,0.0,0.0,19
2026-04-15T01:53:58.802042,qbittorrent-app-1,ugreen/qbittorrent:v1,0.1097,3570.96484375,46.27376918567982,0,0,0.0,0.0,19
2026-04-15T01:54:09.839769,qbittorrent-app-1,ugreen/qbittorrent:v1,0.05300124533001245,3571.046875,46.274832174338236,0,0,0.0,0.0,19
2026-04-15T01:54:20.877698,qbittorrent-app-1,ugreen/qbittorrent:v1,0.20189526184538653,3571.0078125,46.274325989262806,0,0,0.0,0.0,19
2026-04-15T01:54:31.909205,qbittorrent-app-1,ugreen/qbittorrent:v1,0.12324594257178527,3571.05078125,46.27488279284579,0,0,0.0,0.0,19
2026-04-15T01:54:42.948303,qbittorrent-app-1,ugreen/qbittorrent:v1,0.04728179551122195,3570.98046875,46.27397165970999,0,0,0.0,0.0,19
2026-04-15T01:54:53.986035,qbittorrent-app-1,ugreen/qbittorrent:v1,0.1356521739130435,3571.01171875,46.27437660777034,0,0,0.0,0.0,19
2026-04-15T01:55:05.025182,qbittorrent-app-1,ugreen/qbittorrent:v1,0.03810473815461347,3570.98046875,46.27397165970999,0,0,0.0,0.0,19
2026-04-15T01:55:16.063651,qbittorrent-app-1,ugreen/qbittorrent:v1,0.0888778054862843,3571.0078125,46.274325989262806,0,0,0.0,0.0,19
2026-04-15T01:55:27.094798,qbittorrent-app-1,ugreen/qbittorrent:v1,0.042052565707133914,3570.984375,46.274022278217544,0,0,0.0,0.0,19
2026-04-15T01:55:38.135344,qbittorrent-app-1,ugreen/qbittorrent:v1,0.15910224438902743,3570.94921875,46.27356671164965,0,0,0.0,0.0,19
2026-04-15T01:55:49.164698,qbittorrent-app-1,ugreen/qbittorrent:v1,0.34214463840399006,3571.12109375,46.27579392598157,0,0,0.0,0.0,19
2026-04-15T01:56:00.198914,qbittorrent-app-1,ugreen/qbittorrent:v1,0.03954943679599499,3570.91796875,46.2731617635893,0,0,0.0,0.0,19
2026-04-15T01:56:11.234018,qbittorrent-app-1,ugreen/qbittorrent:v1,0.03341645885286783,3570.9609375,46.27371856717228,0,0,0.0,0.0,19
2026-04-15T01:56:22.275378,qbittorrent-app-1,ugreen/qbittorrent:v1,0.0392,3571.0,46.27422475224772,0,0,0.0,0.0,19
2026-04-15T01:56:33.311689,qbittorrent-app-1,ugreen/qbittorrent:v1,0.051235955056179776,3570.94140625,46.27346547463456,0,0,0.0,0.0,19
2026-04-15T01:56:44.345962,qbittorrent-app-1,ugreen/qbittorrent:v1,0.04618453865336658,3570.96484375,46.27376918567982,0,0,0.0,0.0,19
2026-04-15T01:56:55.382643,qbittorrent-app-1,ugreen/qbittorrent:v1,0.40540675844806007,3571.0,46.27422475224772,0,0,0.0,0.0,19
2026-04-15T01:57:06.411609,qbittorrent-app-1,ugreen/qbittorrent:v1,0.06487562189054727,3571.00390625,46.274275370755255,0,0,0.0,0.0,19
2026-04-15T01:57:17.442056,qbittorrent-app-1,ugreen/qbittorrent:v1,0.0395,3570.97265625,46.273870422694905,0,0,0.0,0.0,19
2026-04-15T01:57:28.469117,qbittorrent-app-1,ugreen/qbittorrent:v1,0.11835205992509364,3571.2265625,46.27716062568525,0,0,0.0,0.0,19
2026-04-15T01:57:39.500828,qbittorrent-app-1,ugreen/qbittorrent:v1,0.1761,3571.02734375,46.27457908180052,0,0,0.0,0.0,19
2026-04-15T01:57:50.533651,qbittorrent-app-1,ugreen/qbittorrent:v1,0.12769999999999998,3570.98046875,46.27397165970999,0,0,0.0,0.0,19
2026-04-15T01:58:01.565482,qbittorrent-app-1,ugreen/qbittorrent:v1,0.04817955112219451,3570.97265625,46.273870422694905,0,0,0.0,0.0,19
2026-04-15T01:58:12.597008,qbittorrent-app-1,ugreen/qbittorrent:v1,0.0782,3570.9609375,46.27371856717228,0,0,0.0,0.0,19
2026-04-15T01:58:23.630591,qbittorrent-app-1,ugreen/qbittorrent:v1,0.0161,3570.94140625,46.27346547463456,0,0,0.0,0.0,19
2026-04-15T01:58:34.664437,qbittorrent-app-1,ugreen/qbittorrent:v1,0.04728179551122195,3570.9453125,46.273516093142106,0,0,0.0,0.0,19
2026-04-15T01:58:45.696937,qbittorrent-app-1,ugreen/qbittorrent:v1,0.048799999999999996,3570.953125,46.273617330157194,0,0,0.0,0.0,19
2026-04-15T01:58:56.731050,qbittorrent-app-1,ugreen/qbittorrent:v1,0.1191,3570.97265625,46.273870422694905,0,0,0.0,0.0,19
2026-04-15T01:59:07.761818,qbittorrent-app-1,ugreen/qbittorrent:v1,0.17627965043695382,3571.24609375,46.27741371822297,0,0,0.0,0.0,19
2026-04-15T01:59:18.807075,qbittorrent-app-1,ugreen/qbittorrent:v1,0.1401,3570.98046875,46.27397165970999,0,0,0.0,0.0,19
2026-04-15T01:59:29.840015,qbittorrent-app-1,ugreen/qbittorrent:v1,0.015062344139650874,3570.94140625,46.27346547463456,0,0,0.0,0.0,19
2026-04-15T01:59:40.866799,qbittorrent-app-1,ugreen/qbittorrent:v1,0.3614,3571.03515625,46.27468031881561,0,0,0.0,0.0,19
2026-04-15T01:59:51.899156,qbittorrent-app-1,ugreen/qbittorrent:v1,0.14708385481852315,3571.015625,46.27442722627789,0,0,0.0,0.0,19
2026-04-15T02:00:02.931696,qbittorrent-app-1,ugreen/qbittorrent:v1,0.07016149068322981,3571.1484375,46.27614825553438,0,0,0.0,0.0,22
2026-04-15T02:00:13.972078,qbittorrent-app-1,ugreen/qbittorrent:v1,0.04134831460674157,3571.11328125,46.27569268896648,0,0,0.0,0.0,19
2026-04-15T02:00:25.011447,qbittorrent-app-1,ugreen/qbittorrent:v1,0.12185231539424281,3571.171875,46.276451966579636,0,0,0.0,0.0,19
2026-04-15T02:00:36.042434,qbittorrent-app-1,ugreen/qbittorrent:v1,0.3875156054931336,3571.14453125,46.27609763702683,0,0,0.0,0.0,19
2026-04-15T02:00:47.073315,qbittorrent-app-1,ugreen/qbittorrent:v1,0.043,3571.1875,46.27665444060981,0,0,0.0,0.0,19
2026-04-15T02:00:58.101884,qbittorrent-app-1,ugreen/qbittorrent:v1,0.05543859649122807,3571.140625,46.27604701851929,0,0,0.0,0.0,19
2026-04-15T02:01:09.126712,qbittorrent-app-1,ugreen/qbittorrent:v1,0.0676846057571965,3571.13671875,46.27599640001174,0,0,0.0,0.0,19
2026-04-15T02:01:20.163642,qbittorrent-app-1,ugreen/qbittorrent:v1,0.0481,3571.12109375,46.27579392598157,0,0,0.0,0.0,19
2026-04-15T02:01:31.195453,qbittorrent-app-1,ugreen/qbittorrent:v1,0.0869912609238452,3571.12109375,46.27579392598157,0,0,0.0,0.0,19
2026-04-15T02:01:42.224424,qbittorrent-app-1,ugreen/qbittorrent:v1,0.2589711417816813,3571.14453125,46.27609763702683,0,0,0.0,0.0,19
2026-04-15T02:01:53.260587,qbittorrent-app-1,ugreen/qbittorrent:v1,0.04932330827067669,3571.0859375,46.275338359413674,0,0,0.0,0.0,19
2026-04-15T02:02:04.291456,qbittorrent-app-1,ugreen/qbittorrent:v1,0.02,3571.08203125,46.27528774090614,0,0,0.0,0.0,19
2026-04-15T02:02:15.329103,qbittorrent-app-1,ugreen/qbittorrent:v1,0.043254067584480596,3571.0625,46.27503464836841,0,0,0.0,0.0,19
2026-04-15T02:02:26.364078,qbittorrent-app-1,ugreen/qbittorrent:v1,0.0508,3571.0625,46.27503464836841,0,0,0.0,0.0,19
2026-04-15T02:02:37.390575,qbittorrent-app-1,ugreen/qbittorrent:v1,0.1721151439299124,3571.08984375,46.27538897792122,0,0,0.0,0.0,19
2026-04-15T02:02:48.420214,qbittorrent-app-1,ugreen/qbittorrent:v1,0.0486,3571.0859375,46.275338359413674,0,0,0.0,0.0,19
2026-04-15T02:02:59.450997,qbittorrent-app-1,ugreen/qbittorrent:v1,0.05654135338345864,3571.09765625,46.275490214936305,0,0,0.0,0.0,19
2026-04-15T02:03:10.476508,qbittorrent-app-1,ugreen/qbittorrent:v1,0.04787954830614805,3571.0859375,46.275338359413674,0,0,0.0,0.0,19
2026-04-15T02:03:21.504932,qbittorrent-app-1,ugreen/qbittorrent:v1,0.0651,3571.07421875,46.27518650389105,0,0,0.0,0.0,19
2026-04-15T02:03:32.534397,qbittorrent-app-1,ugreen/qbittorrent:v1,0.35660000000000003,3571.09375,46.27543959642876,0,0,0.0,0.0,19
2026-04-15T02:03:43.559315,qbittorrent-app-1,ugreen/qbittorrent:v1,0.051929824561403506,3571.0625,46.27503464836841,0,0,0.0,0.0,19
2026-04-15T02:03:54.587337,qbittorrent-app-1,ugreen/qbittorrent:v1,0.05894736842105263,3571.08203125,46.27528774090614,0,0,0.0,0.0,19
2026-04-15T02:04:05.609080,qbittorrent-app-1,ugreen/qbittorrent:v1,0.013266331658291457,3571.09375,46.27543959642876,0,0,0.0,0.0,19
2026-04-15T02:04:16.628678,qbittorrent-app-1,ugreen/qbittorrent:v1,0.17617977528089887,3571.31640625,46.278324851358754,0,0,0.0,0.0,19
2026-04-15T02:04:27.651702,qbittorrent-app-1,ugreen/qbittorrent:v1,0.164394506866417,3571.11328125,46.27569268896648,0,0,0.0,0.0,19
2026-04-15T02:04:38.679272,qbittorrent-app-1,ugreen/qbittorrent:v1,0.02913642052565707,3571.078125,46.275237122398586,0,0,0.0,0.0,19
2026-04-15T02:04:49.707855,qbittorrent-app-1,ugreen/qbittorrent:v1,0.0844055068836045,3571.40625,46.27948907703226,0,0,0.0,0.0,19
2026-04-15T02:05:00.729856,qbittorrent-app-1,ugreen/qbittorrent:v1,0.0776971214017522,3571.10546875,46.27559145195139,0,0,0.0,0.0,19
2026-04-15T02:05:11.758887,qbittorrent-app-1,ugreen/qbittorrent:v1,0.013466334164588529,3571.09375,46.27543959642876,0,0,0.0,0.0,19
2026-04-15T02:05:22.790892,qbittorrent-app-1,ugreen/qbittorrent:v1,0.07540574282147317,3571.109375,46.275642070458936,0,0,0.0,0.0,19
2026-04-15T02:05:33.818061,qbittorrent-app-1,ugreen/qbittorrent:v1,0.047123287671232875,3571.10546875,46.27559145195139,0,0,0.0,0.0,19
2026-04-15T02:05:44.846461,qbittorrent-app-1,ugreen/qbittorrent:v1,0.05937733499377335,3571.08984375,46.27538897792122,0,0,0.0,0.0,19
2026-04-15T02:05:55.874387,qbittorrent-app-1,ugreen/qbittorrent:v1,1.4090225563909775,3571.1328125,46.275945781504205,0,0,0.0,0.0,19
2026-04-15T02:06:06.902289,qbittorrent-app-1,ugreen/qbittorrent:v1,0.047880299251870324,3571.1015625,46.27554083344385,0,0,0.0,0.0,19
2026-04-15T02:06:17.938716,qbittorrent-app-1,ugreen/qbittorrent:v1,0.07491271820448878,3571.10546875,46.27559145195139,0,0,0.0,0.0,19
2026-04-15T02:06:28.965728,qbittorrent-app-1,ugreen/qbittorrent:v1,0.12244694132334583,3571.08984375,46.27538897792122,0,0,0.0,0.0,19
2026-04-15T02:06:39.995113,qbittorrent-app-1,ugreen/qbittorrent:v1,0.021900000000000003,3571.1484375,46.27614825553438,0,0,0.0,0.0,19
2026-04-15T02:06:51.021659,qbittorrent-app-1,ugreen/qbittorrent:v1,0.14474278544542032,3571.14453125,46.27609763702683,0,0,0.0,0.0,19
2026-04-15T02:07:02.045089,qbittorrent-app-1,ugreen/qbittorrent:v1,0.04611528822055137,3571.09375,46.27543959642876,0,0,0.0,0.0,19
2026-04-15T02:07:13.075273,qbittorrent-app-1,ugreen/qbittorrent:v1,0.046882793017456355,3571.11328125,46.27569268896648,0,0,0.0,0.0,19
2026-04-15T02:07:24.104616,qbittorrent-app-1,ugreen/qbittorrent:v1,0.1577,3571.10546875,46.27559145195139,0,0,0.0,0.0,19
2026-04-15T02:07:35.134424,qbittorrent-app-1,ugreen/qbittorrent:v1,0.056499999999999995,3571.08984375,46.27538897792122,0,0,0.0,0.0,19
2026-04-15T02:07:46.168693,qbittorrent-app-1,ugreen/qbittorrent:v1,0.1446,3571.15625,46.27624949254946,0,0,0.0,0.0,19
2026-04-15T02:07:57.204290,qbittorrent-app-1,ugreen/qbittorrent:v1,0.04798004987531172,3571.09765625,46.275490214936305,0,0,0.0,0.0,19
2026-04-15T02:08:08.233166,qbittorrent-app-1,ugreen/qbittorrent:v1,0.0722,3571.09375,46.27543959642876,0,0,0.0,0.0,19
2026-04-15T02:08:19.268244,qbittorrent-app-1,ugreen/qbittorrent:v1,0.262155388471178,3571.1171875,46.27574330747402,0,0,0.0,0.0,19
2026-04-15T02:08:30.299073,qbittorrent-app-1,ugreen/qbittorrent:v1,0.0377,3571.09765625,46.275490214936305,0,0,0.0,0.0,19
2026-04-15T02:08:41.325168,qbittorrent-app-1,ugreen/qbittorrent:v1,0.30403990024937655,3571.17578125,46.27650258508718,0,0,0.0,0.0,19
2026-04-15T02:08:52.350516,qbittorrent-app-1,ugreen/qbittorrent:v1,0.33137157107231924,3571.11328125,46.27569268896648,0,0,0.0,0.0,19
2026-04-15T02:09:03.381425,qbittorrent-app-1,ugreen/qbittorrent:v1,1.0846441947565544,3571.08984375,46.27538897792122,0,0,0.0,0.0,19
2026-04-15T02:09:14.410243,qbittorrent-app-1,ugreen/qbittorrent:v1,0.1465,3571.0859375,46.275338359413674,0,0,0.0,0.0,19
2026-04-15T02:09:25.441331,qbittorrent-app-1,ugreen/qbittorrent:v1,0.1424,3571.16015625,46.276300111057004,0,0,0.0,0.0,19
2026-04-15T02:09:36.469789,qbittorrent-app-1,ugreen/qbittorrent:v1,0.47219999999999995,3571.09375,46.27543959642876,0,0,0.0,0.0,19
2026-04-15T02:09:47.503261,qbittorrent-app-1,ugreen/qbittorrent:v1,0.1486425902864259,3571.1015625,46.27554083344385,0,0,0.0,0.0,19
2026-04-15T02:09:58.534255,qbittorrent-app-1,ugreen/qbittorrent:v1,0.09617977528089888,3571.1015625,46.27554083344385,0,0,0.0,0.0,19
2026-04-15T02:10:09.565560,qbittorrent-app-1,ugreen/qbittorrent:v1,0.047359198998748436,3571.13671875,46.27599640001174,0,0,0.0,0.0,19
2026-04-15T02:10:20.601535,qbittorrent-app-1,ugreen/qbittorrent:v1,0.03401496259351621,3571.16796875,46.27640134807209,0,0,0.0,0.0,19
2026-04-15T02:10:31.635569,qbittorrent-app-1,ugreen/qbittorrent:v1,1.2545000000000002,3571.1875,46.27665444060981,0,0,0.0,0.0,19
2026-04-15T02:10:42.662714,qbittorrent-app-1,ugreen/qbittorrent:v1,0.11620000000000001,3571.1171875,46.27574330747402,0,0,0.0,0.0,19
2026-04-15T02:10:53.688992,qbittorrent-app-1,ugreen/qbittorrent:v1,0.2717808219178082,3571.1640625,46.27635072956455,0,0,0.0,0.0,19
2026-04-15T02:11:04.721419,qbittorrent-app-1,ugreen/qbittorrent:v1,0.0583270911360799,3571.10546875,46.27559145195139,0,0,0.0,0.0,19
2026-04-15T02:11:15.753682,qbittorrent-app-1,ugreen/qbittorrent:v1,0.035500000000000004,3571.125,46.27584454448911,0,0,0.0,0.0,19
2026-04-15T02:11:26.785959,qbittorrent-app-1,ugreen/qbittorrent:v1,0.043800000000000006,3571.10546875,46.27559145195139,0,0,0.0,0.0,19
2026-04-15T02:11:37.819686,qbittorrent-app-1,ugreen/qbittorrent:v1,0.2939325842696629,3571.08984375,46.27538897792122,0,0,0.0,0.0,19
2026-04-15T02:11:48.853555,qbittorrent-app-1,ugreen/qbittorrent:v1,0.0593,3571.0859375,46.275338359413674,0,0,0.0,0.0,19
2026-04-15T02:11:59.884124,qbittorrent-app-1,ugreen/qbittorrent:v1,0.03325842696629214,3571.09765625,46.275490214936305,0,0,0.0,0.0,19
2026-04-15T02:12:10.918959,qbittorrent-app-1,ugreen/qbittorrent:v1,0.054,3571.16796875,46.27640134807209,0,0,0.0,0.0,19
2026-04-15T02:12:21.956680,qbittorrent-app-1,ugreen/qbittorrent:v1,0.2042446941323346,3571.12109375,46.27579392598157,0,0,0.0,0.0,19
2026-04-15T02:12:32.995185,qbittorrent-app-1,ugreen/qbittorrent:v1,0.2880798004987531,3571.0859375,46.275338359413674,0,0,0.0,0.0,19
2026-04-15T02:12:44.025016,qbittorrent-app-1,ugreen/qbittorrent:v1,0.035855181023720345,3571.1171875,46.27574330747402,0,0,0.0,0.0,19
2026-04-15T02:12:55.055693,qbittorrent-app-1,ugreen/qbittorrent:v1,0.031860174781523094,3571.11328125,46.27569268896648,0,0,0.0,0.0,19
